English	Deutsch	Svenska	Nederlands	Français	Español	Português	Italian	Русский	Polski	Ελληνικά	Ελληνικά[T]	Magyar	Suomi	汉语	한국어	日本語	Tiếng Việt	粤语[T]	粤语	闽南语[T]	闽南语	العربية	العربية[T]	हिन्दी	हिन्दी[T]	Gaeilge	Gaeilge[T]	Cymraeg	Монгол	Türkçe	ئۇيغۇرچە	ئۇيغۇرچە[T]	ภาษาไทย	ภาษาไทย[T]	Kiswahili	Bahasa Indonesia	Diné Bizaad	Diné Bizaad[T]
I	ich	jag	ik	je	yo	eu	io	я	ja	εγώ	egó	én	minä	我	나	私	tôi	我	ngo5	我	gua2	أنا	ana	मैं	main	mé	may	i / fi	би	ben	مەن	men	ฉัน	chǎn 	mimi	saya / aku	shí	shee
you	du	du	jij	tu	tú	você	tu	ты	ty	εσύ	esý	te	sinä	你	너	あなた	bạn	你	nei5	汝	li2	أنت	anta (m) / anti (f)	तुम / आप	tum / aap	tú	too	ti / chi	чи	sen	سەن	sen	คุณ	khūn 	wewe	kamu / anda	ni	nee
he	er	han	hij	il	él	ele	lui	он	on	αυτός	aftós	ő	hän	他	그	彼	anh ấy	佢	keoi5	伊	i1	هو	huwa	वह	vah	é / sé	ay / shay	ef / fe	тэр	o	ئۇ	u	เขา	khǎo 	yeye	dia (laki-laki)	bí	bee
she	sie	hon	zij	elle	ella	ela	lei	она	ona	αυτή	aftí	ő	hän	她	그녀	彼女	cô ấy	佢	keoi5	伊	i1	هي	hiya	वह	vah	í / sí	ee / shee	hi	тэр	o	ئۇ	u	เธอ	thē 	yeye	dia (perempuan)	bí	bee
it	es	den / det	het	il/elle	ello	ele/ela	esso	оно	ono	αυτό	aftó	az	se	它	그것	それ	nó	佢	keoi5	伊	i1	هو/هي	huwa / hiya	यह	yah	ea / é	a / ay	e / o	энэ / тэр	o	ئۇ	u	มัน	mān 	ile / lile	itu	bí	bee
we	wir	vi	wij	nous	nosotros	nós	noi	мы	my	εμείς	eméis	mi	me	我们	우리	私たち	chúng tôi	我哋	ngo5 dei6	阮	guan2	نحن	nahnu	हम	ham	muid	mwij	ni	бид	biz	بىز	biz	เรา	rāo 	sisi	kami / kita	nihí	nee-hee
you (plural)	ihr	ni	jullie	vous	vosotros/ustedes	vocês	voi	вы	wy	εσείς	eseís	ti	te	你们	너희	あなたたち	các bạn	你哋	nei5 dei6	恁	lin2	أنتم	antum	तुम लोग	tum log	sibh	shiv	chwi / chi	та нар	siz	سىلەر	siler	พวกคุณ	phûak khūn 	ninyi	kalian	nihí	nee-hee
they	sie	de	zij	ils/elles	ellos/ellas	eles	loro	они	oni	αυτοί	aftoí	ők	he	他们	그들	彼ら	họ	佢哋	keoi5 dei6	伊侬	i1-lang5	هم	hum	वे	ve	iad	ee-ad	hwy / nhw	тэд	onlar	ئۇلار	ular	พวกเขา	phûak khǎo 	wao	mereka	dábí	dah-bee
one	eins	ett	een	un	uno	um	uno	один	jeden	ένα	éna	egy	yksi	一	일	一	một	一	jat1	一	it1	واحد	wahid	एक	ek	a haon	a hay-un	un	нэг	bir	بىر	bir	หนึ่ง	nèung 	moja	satu	tʼááłáʼí	t-ah-thlah-ee
two	zwei	två	twee	deux	dos	dois	due	два	dwa	δύο	dýo	kettő	kaksi	二	이	二	hai	二	ji6	二	ji7	اثنان	ithnan	दो	do	a dó	a doe	dau / dwy	хоёр	iki	ئىككى	ikki	สอง	sǒng 	mbili	dua	naaki	nah-kee
three	drei	tre	drie	trois	tres	três	tre	три	trzy	τρία	tría	három	kolme	三	삼	三	ba	三	saam1	三	sam1	ثلاثة	thalatha	तीन	teen	a trí	a tree	tri / tair	гурав	üç	ئۈچ	üch	สาม	sǎm 	tatu	tiga	tááʼ	tah
four	vier	fyra	vier	quatre	cuatro	quatro	quattro	четыре	cztery	τέσσερα	téssera	négy	neljä	四	사	四	bốn	四	sei3	四	si3	أربعة	arba'a	चार	chaar	a ceathair	a ka-hir	pedwar / pedair	дөрөв	dört	تۆت	töt	สี่	sì 	nne	empat	dį́į́ʼ	deen
five	fünf	fem	vijf	cinq	cinco	cinco	cinque	пять	pięć	πέντε	pénte	öt	viisi	五	오	五	năm	五	ng5	五	goo2	خمسة	khamsa	पाँच	paanch	a cúig	a koo-ig	pump	тав	beş	بەش	besh	ห้า	hâ 	tano	lima	ashdlaʼ	ash-dlah
six	sechs	sex	zes	six	seis	seis	sei	шесть	sześć	έξι	éxi	hat	kuusi	六	육	六	sáu	六	luk6	六	lak8	ستة	sitta	छह	chhah	a sé	a shay	chwech	зургаа	altı	ئالتە	alte	หก	hòk 	sita	enam	hastą́ą́	hahs-tahn
seven	sieben	sju	zeven	sept	siete	sete	sette	семь	siedem	επτά	eptá	hét	seitsemän	七	칠	七	bảy	七	cat1	七	tshit1	سبعة	sab'a	सात	saat	a seacht	a shakht	saith	долоо	yedi	يەتتە	yette	เจ็ด	chèt 	saba	tujuh	tsostsʼid	tsos-tsid
eight	acht	åtta	acht	huit	ocho	oito	otto	восемь	osiem	οκτώ	októ	nyolc	kahdeksan	八	팔	八	tám	八	baat3	八	pueh1	ثمانية	thamanya	आठ	aath	a hocht	a hokht	wyth	найм	sekiz	سەككىز	sekkiz	แปด	pàet 	nane	delapan	tseebíí	tsee-bee
nine	neun	nio	negen	neuf	nueve	nove	nove	девять	dziewięć	εννέα	ennéa	kilenc	yhdeksän	九	구	九	chín	九	gau2	九	kau2	تسعة	tis'a	नौ	nau	a naoi	a nee	naw	ес	dokuz	توققۇز	toqquz	เก้า	kâo 	tisa	sembilan	náhástʼéí	nah-has-t-ay
ten	zehn	tio	tien	dix	diez	dez	dieci	десять	dziesięć	δέκα	déka	tíz	kymmenen	十	십	十	mười	十	sap6	十	tsap8	عشرة	'ashara	दस	das	a deich	a jyeh	deg	арав	on	ئون	on	สิบ	sìp 	kumi	sepuluh	neeznáá	neez-nah
eleven	elf	elva	elf	onze	once	onze	undici	одиннадцать	jedenaście	έντεκα	énteka	tizenegy	yksitoista	十一	十一	十一	mười một	十一	sap6 jat1	十一	tsap8-it1	أحد عشر	ahada 'ashar	ग्यारह	gyaarah	a haon déag	a hay-un jay-ug	un ar ddeg	арван нэг	on bir	ئون بىر	on bir	สิบเอ็ด	sìp èt 	kumi na moja	sebelas	łaʼtsáadah	thla-tsah-dah
twelve	zwölf	tolv	twaalf	douze	doce	doze	dodici	двенадцать	dwanaście	δώδεκα	dódeka	tizenkettő	kaksitoista	十二	十二	十二	mười hai	十二	sap6 ji6	十二	tsap8-ji7	اثنا عشر	ithna 'ashar	बारह	baarah	a dó déag	a doe jay-ug	deuddeg	арван хоёр	on iki	ئون ئىككى	on ikki	สิบสอง	sìp sǒng 	kumi na mbili	dua belas	naakitsáadah	nah-kee-tsah-dah
thirteen	dreizehn	tretton	dertien	treize	trece	treze	tredici	тринадцать	trzynaście	δεκατρία	dekatría	tizenhárom	kolmetoista	十三	十三	十三	mười ba	十三	sap6 saam1	十三	tsap8-sam1	ثلاثة عشر	thalathata 'ashar	तेरह	terah	a trí déag	a tree jay-ug	un ar ddeg ar hugain	арван гурав	on üç	ئون ئۈچ	on üch	สิบสาม	sìp sǎm 	kumi na tatu	tiga belas	tááʼtsáadah	tah-tsah-dah
fourteen	vierzehn	fjorton	veertien	quatorze	catorce	quatorze	quattordici	четырнадцать	czternaście	δεκατέσσερα	dekatéssera	tizennégy	neljätoista	十四	十四	十四	mười bốn	十四	sap6 sei3	十四	tsap8-si3	أربعة عشر	arba'ata 'ashar	चौदह	chaudah	a ceathair déag	a ka-hir jay-ug	pedwar ar ddeg	арван дөрөв	on dört	ئون تۆت	on töt	สิบสี่	sìp sì 	kumi na nne	empat belas	dį́į́ʼtsáadah	deen-tsah-dah
fifteen	fünfzehn	femton	vijftien	quinze	quince	quinze	quindici	пятнадцать	piętnaście	δεκαπέντε	dekapénte	tizenöt	viisitoista	十五	十五	十五	mười lăm	十五	sap6 ng5	十五	tsap8-goo2	خمسة عشر	khamsata 'ashar	पंद्रह	pandrah	a cúig déag	a koo-ig jay-ug	pymtheg	арван тав	on beş	ئون بەش	on besh	สิบห้า	sìp hâ 	kumi na tano	lima belas	ashdlaʼáadah	ash-dlah-ah-dah
sixteen	sechzehn	sexton	zestien	seize	dieciséis	dezesseis	sedici	шестнадцать	szesnaście	δεκαέξι	dekaéxi	tizenhat	kuusitoista	十六	十六	十六	mười sáu	十六	sap6 luk6	十六	tsap8-lak8	ستة عشر	sittata 'ashar	सोलह	solah	a sé déag	a shay jay-ug	un ar pymtheg	арван зургаа	on altı	ئون ئالتە	on alte	สิบหก	sìp hòk 	kumi na sita	enam belas	hastą́ą́ʼáadah	hahs-tahn-ah-dah
seventeen	siebzehn	sjutton	zeventien	dix-sept	diecisiete	dezessete	diciassette	семнадцать	siedemnaście	δεκαεπτά	dekaeptá	tizenhét	seitsemäntoista	十七	十七	十七	mười bảy	十七	sap6 cat1	十七	tshit1-tsap8	سبعة عشر	sab'ata 'ashar	सत्रह	satrah	a seacht déag	a shakht jay-ug	dau ar pymtheg	арван долоо	on yedi	ئون يەتتە	on yette	สิบเจ็ด	sìp chèt 	kumi na saba	tujuh belas	tsostsʼidtsáadah	tsos-tsid-tsah-dah
eighteen	achtzehn	arton	achttien	dix-huit	dieciocho	dezoito	diciotto	восемнадцать	osiemnaście	δεκαοκτώ	dekaoktó	tizennyolc	kahdeksantoista	十八	十八	十八	mười tám	十八	sap6 baat3	十八	tsap8-pueh1	ثمانية عشر	thamanyata 'ashar	अठारह	athaarah	a hocht déag	a hokht jay-ug	deunaw	арван найм	on sekiz	ئون سەككىز	on sekkiz	สิบแปด	sìp pàet 	kumi na nane	delapan belas	tseebíítsáadah	tsee-bee-tsah-dah
nineteen	neunzehn	nitton	negentien	dix-neuf	diecinueve	dezenove	diciannove	девятнадцать	dziewiętnaście	δεκαεννέα	dekaennéa	tizenkilenc	yhdeksäntoista	十九	十九	十九	mười chín	十九	sap6 gau2	十九	tsap8-kau2	تسعة عشر	tis'ata 'ashar	उन्नीस	unnees	a naoi déag	a nee jay-ug	pedwar ar pymtheg	арван ес	on dokuz	ئون توققۇز	on toqquz	สิบเก้า	sìp kâo 	kumi na tisa	sembilan belas	náhástʼéítsáadah	nah-has-t-ay-tsah-dah
twenty	zwanzig	tjugo	twintig	vingt	veinte	vinte	venti	двадцать	dwadzieścia	είκοσι	eíkosi	húsz	kaksikymmentä	二十	二十	二十	hai mươi	二十	ji6 sap6	二十	ji7-tsap8	عشرون	'ishrun	बीस	bees	fiche	fih-heh	ugain	хорь	yirmi	يىگىرمە	yigirme	ยี่สิบ	yîi sìp 	ishirini	dua puluh	naadiin	nah-deen
thirty	dreißig	trettio	dertig	trente	treinta	trinta	trenta	тридцать	trzydzieści	τριάντα	triánta	harminc	kolmekymmentä	三十	三十	三十	ba mươi	三十	saam1 sap6	三十	sam1-tsap8	ثلاثون	thalathun	तीस	tees	tríocha	tree-ukha	deg ar hugain	гуч	otuz	ئوتتۇز	ottuz	สามสิบ	sǎm sìp 	thelathini	tiga puluh	tádiin	tah-deen
forty	vierzig	fyrtio	veertig	quarante	cuarenta	quarenta	quaranta	сорок	czterdzieści	σαράντα	saránta	negyven	neljäkymmentä	四十	四十	四十	bốn mươi	四十	sei3 sap6	四十	si3-tsap8	أربعون	arba'un	चालीस	chaalees	daichead	da-hyud	deugain	дөч	kırk	قىرىق	qiriq	สี่สิบ	sì sìp 	arobaini	empat puluh	dį́į́diin	deen-deen
fifty	fünfzig	femtio	vijftig	cinquante	cincuenta	cinquenta	cinquanta	пятьдесят	pięćdziesiąt	πενήντα	penínta	ötven	viisikymmentä	五十	五十	五十	năm mươi	五十	ng5 sap6	五十	goo2-tsap8	خمسون	khamsun	पचास	pachaas	caoga	kway-guh	hanner cant	тавь	elli	ئەللىك	ellik	ห้าสิบ	hâ sìp 	hamsini	lima puluh	ashdladiin	ash-dlah-deen
sixty	sechzig	sextio	zestig	soixante	sesenta	sessenta	sessanta	шестьдесят	sześćdziesiąt	εξήντα	exínta	hatvan	kuusikymmentä	六十	六十	六十	sáu mươi	六十	luk6 sap6	六十	lak8-tsap8	ستون	sittun	साठ	saath	seasca	shass-kuh	trigain	жаран	altmış	ئاتمىش	atmish	หกสิบ	hòk sìp 	sitini	enam puluh	hastą́diin	hahs-tahn-deen
seventy	siebzig	sjuttio	zeventig	soixante-dix	setenta	setenta	settanta	семьдесят	siedemdziesiąt	εβδομήντα	evdomínta	hetven	seitsemänkymmentä	七十	七十	七十	bảy mươi	七十	cat1 sap6	七十	tshit1-tsap8	سبعون	sab'un	सत्तर	sattar	seachtó	shakht-o	deg a thrigain	далан	yetmiş	يەتمىش	yetmish	เจ็ดสิบ	chèt sìp 	sabini	tujuh puluh	tsostsʼidiin	tsos-tsid-een
eighty	achtzig	åttio	tachtig	quatre-vingts	ochenta	oitenta	ottanta	восемьдесят	osiemdziesiąt	ογδόντα	ogdónta	nyolcvan	kahdeksankymmentä	八十	八十	八十	tám mươi	八十	baat3 sap6	八十	pueh1-tsap8	ثمانون	thamanun	अस्सी	assee	ochtó	hokht-o	pedwar ugain	наян	seksen	سەكسەن	seksen	แปดสิบ	pàet sìp 	themanini	delapan puluh	tseebíidiin	tsee-bee-deen
ninety	neunzig	nittio	negentig	quatre-vingt-dix	noventa	noventa	novanta	девяносто	dziewięćdziesiąt	ενενήντα	enenínta	kilencven	yhdeksänkymmentä	九十	九十	九十	chín mươi	九十	gau2 sap6	九十	kau2-tsap8	تسعون	tis'un	नब्बे	nabbe	nócha	no-kha	deg a phedwar ugain	ерэн	doksan	توقسان	toqsan	เก้าสิบ	kâo sìp 	tisini	sembilan puluh	náhástʼéidiin	nah-has-t-ay-deen
hundred	hundert	hundra	honderd	cent	cien	cem	cento	сто	sto	εκατό	ekató	száz	sata	百	百	百	trăm	百	baak3	百	pah1	مئة	mi'a	सौ	sau	céad	kyay-ud	cant	зуу	yüz	يۈز	yüz	ร้อย	rôi 	mia	seratus	neeznádiin	neez-nah-deen
thousand	tausend	tusen	duizend	mille	mil	mil	mille	тысяча	tysiąc	χίλια	chília	ezer	tuhat	千	千	千	nghìn	千	cin1	千	tshian1	ألف	alf	हज़ार	hazaar	míle	mee-leh	mil	мянга	bin	مىڭ	ming	พัน	phān 	elfu	seribu	mííl	meel
son	Sohn	son	zoon	fils	hijo	filho	figlio	сын	syn	γιος	yios	fia	poika	儿子	아들	息子	con trai	仔	zai2	后生	hau7-sinn1	ابن	ibn	बेटा	beta	mac	mack	mab	хүү	oğul	ئوغۇل	oghul	ลูกชาย	lûuk chāi 	mwana (wa kiume)	anak laki-laki	biyeʼ	bee-yeh
daughter	Tochter	dotter	dochter	fille	hija	filha	figlia	дочь	córka	κόρη	kóri	lánya	tytär	女儿	딸	娘	con gái	女	neoi5	查某囡仔	tsa1-boo2-gin2-a2	ابنة	ibna	बेटी	betee	iníon	in-een	merch	охин	kız evlat	قىز	qiz	ลูกสาว	lûuk sǎo 	mwana (wa kike)	anak perempuan	bitsiʼ	bee-tsih
mother	Mutter	mor / mamma	moeder	mère	madre	mãe	madre	мать	matka	μητέρα	mitéra	anya	äiti	母亲	어머니	母	mẹ	妈	maa1	老母	lau7-bu2	أم	umm	माँ	maan	máthair	maw-hir	mam	ээж	anne	ئانا	ana	แม่	mâe 	mama	ibu	shimá	shi-mah
father	Vater	far / pappa	vader	père	padre	pai	padre	отец	ojciec	πατέρας	patéras	apa	isä	父亲	아버지	父	cha	爸	baa1	老爸	lau7-pe7	أب	ab	पिता	pita	athair	a-hir	tad	аав	baba	ئاتا	ata	พ่อ	phâo 	baba	ayah	shizhéʼé	shi-zhay-eh
man	Mann	man	man	homme	hombre	homem	uomo	мужчина	mężczyzna	άνδρας	ándras	férfi	mies	男人	남자	男	đàn ông	男人	naam4 jan2	查埔人	tsa1-poo1-lang5	رجل	rajul	आदमी	aadmee	fear	far	dyn	эр хүн	adam	ئەر	er	ผู้ชาย	phûu chāi 	mwanamume	laki-laki	hastiin	hahs-teen
woman	Frau	kvinna	vrouw	femme	mujer	mulher	donna	женщина	kobieta	γυναίκα	gynaíka	nő	nainen	女人	여자	女	phụ nữ	女人	neoi5 jan2	查某人	tsa1-boo2-lang5	امرأة	imra'a	औरत	aurat	bean	ban	menyw	эмэгтэй хүн	kadın	ئايال	ayal	ผู้หญิง	phûu yǐng 	mwanamke	perempuan	asdzání	as-dzah-nee
elder brother	älterer Bruder	storebror / lillebror	broer	frère aîné	hermano mayor	irmão mais velho	fratello maggiore	старший брат	starszy brat	μεγαλύτερος αδελφός	megalýteros adelfós	báty	isoveli	哥哥	형/오빠	兄	anh	哥哥	go1 go1	兄	hiann1	أخ أكبر	akh akbar	बड़ा भाई	bada bhai	deartháir níos sine	jar-haw-ir nees shin-eh	brawd hŷn	ах	ağabey	ئاكا	aka	พี่ชาย	phîi chāi 	kaka	kakak laki-laki	shínaaí	shee-nah-ee
younger brother	jüngerer Bruder	lillebror	broertje	frère cadet	hermano menor	irmão mais novo	fratello minore	младший брат	młodszy brat	μικρότερος αδελφός	mikróteros adelfós	öccs	pikkuveli	弟弟	남동생	弟	em trai	细佬	sai3 lou2	细弟	se3-ti7	أخ أصغر	akh asghar	छोटा भाई	chhota bhai	deartháir níos óige	jar-haw-ir nees o-igeh	brawd iau	дүү (эрэгтэй)	erkek kardeş	ئۇكا	uka	น้องชาย	nóng chāi 	mdogo (wa kiume)	adik laki-laki	sitsilí	si-tsi-lee
elder sister	ältere Schwester	storasyster / lillasyster	zus	sœur aînée	hermana mayor	irmã mais velha	sorella maggiore	старшая сестра	starsza siostra	μεγαλύτερη αδελφή	megalýteri adelfí	nővér	isosisko	姐姐	누나/언니	姉	chị	姐姐	ze2 ze2	姊	tsi2	أخت كبرى	ukht kubra	बड़ी बहन	badee bahan	deirfiúr níos sine	jer-fyoor nees shin-eh	chwaer hŷn	эгч	abla	ئاچا	acha	พี่สาว	phîi sǎo 	dada	kakak perempuan	shádí	shah-dee
younger sister	jüngere Schwester	lillasyster	zusje	sœur cadette	hermana menor	irmã mais nova	sorella minore	младшая сестра	młodsza siostra	μικρότερη αδελφή	mikróteri adelfí	húg	pikkusisko	妹妹	여동생	妹	em gái	细妹	sai3 mui6	细妹	se3-be7	أخت صغرى	ukht sughra	छोटी बहन	chhotee bahan	deirfiúr níos óige	jer-fyoor nees o-igeh	chwaer iau	дүү (эмэгтэй)	kız kardeş	سىڭىل	singil	น้องสาว	nóng sǎo 	mdogo (wa kike)	adik perempuan	sideezhí	si-dee-zhee
family	Familie	familj	familie	famille	familia	família	famiglia	семья	rodzina	οικογένεια	oikogéneia	család	perhe	家庭	가족	家族	gia đình	屋企	nuk1 kei2	家内	ka1-lai7	عائلة	'a'ila	परिवार	parivaar	teaghlach	tyow-lakh	teulu	гэр бүл	aile	ئائىلە	a'ile	ครอบครัว	khrôp khrua 	familia	keluarga	hooghan hazʼą́	hoo-ghan haz-ahn
grandfather	Großvater	farfar / morfar	opa	grand-père	abuelo	avô	nonno	дедушка	dziadek	παππούς	pappoús	nagyapa	isoisä	祖父/爷爷	할아버지	祖父	ông	阿爷	aa3 je4	阿公	a1-kong1	جد	jadd	दादा	dada	seanathair	shan-a-hir	taid / tad-cu	өвөө	dede	بوۋا	bowa	ปู่/ตา	pùu / tā 	babu	kakek	sheecheii	shee-chay-ee
grandmother	Großmutter	farmor / mormor	oma	grand-mère	abuela	avó	nonna	бабушка	babcia	γιαγιά	giagiá	nagymama	isoäiti	祖母/奶奶	할머니	祖母	bà	阿嫲	aa3 maa4	阿嬷	a1-ma2	جدة	jadda	दादी	dadee	seanmháthair	shan-waw-hir	nain / mam-gu	эмээ	büyükanne	موما	moma	ย่า/ยาย	yâa / yāai 	bibi	nenek	shamá sání	shah-mah sah-nee
husband	Ehemann	make	echtgenoot	mari	esposo	marido	marito	муж	mąż	σύζυγος	sýzygos	férj	aviomies	丈夫	남편	夫	chồng	老公	lou5 gung1	翁	ang1	زوج	zawj	पति	pati	fear céile	far kyay-leh	gŵr	нөхөр	koca	ئەر	er	สามี	sāa-mīi 	mume	suami	sheʼasdzáá	sheh-as-dzah
wife	Ehefrau	fru	echtgenote	femme	esposa	esposa	moglie	жена	żona	σύζυγος	sýzygos	feleség	vaimo	妻子	아내	妻	vợ	老婆	lou5 po4	某	boo2	زوجة	zawja	पत्नी	patnee	bean chéile	ban hyay-leh	gwraig	эхнэр	eş / karı	ئايال	ayal	ภรรยา	phān-rá-yāa 	mke	istri	sheʼasdzą́ą́	sheh-as-dzahn
neighbor	Nachbar	granne	buurman / buurvrouw	voisin	vecino	vizinho	vicino	сосед	sąsiad	γείτονας	geítonas	szomszéd	naapuri	邻居	이웃	隣人	hàng xóm	邻居	leon4 geoi1	厝边	tshu3-pinn1	جار	jar	पड़ोसी	padoshee	comharsa	kor-suh	cymydog	хөрш	komşu	قوشنا	qoshna	เพื่อนบ้าน	phûean bâan 	jirani	tetangga	bił kééhatʼíinii	bilth kay-hah-tee-nee
boy	Junge	pojke	jongen	garçon	niño	menino	ragazzo	мальчик	chłopiec	αγόρι	agóri	fiú	poika	男孩	소년	男の子	cậu bé	男仔	naam4 zai2	查埔囡仔	tsa1-poo1-gin2-a2	ولد	walad	लड़का	ladka	buachaill	boo-khill	bachgen	хүү	oğlan	ئوغۇل بالا	oghul bala	เด็กชาย	dèk chāi 	mvulana	anak laki-laki	ashkii	ash-kee
girl	Mädchen	flicka	meisje	fille	niña	menina	ragazza	девочка	dziewczyna	κορίτσι	korítsi	lány	tyttö	女孩	소녀	女の子	cô bé	女仔	neoi5 zai2	查某囡仔	tsa1-boo2-gin2-a2	بنت	bint	लड़की	ladkee	cailín	ka-leen	merch	охин	kız	قىز بالا	qiz bala	เด็กหญิง	dèk yǐng 	msichana	anak perempuan	atʼééd	ah-teed
child	Kind	barn	kind	enfant	niño/hijo	criança	bambino	ребёнок	dziecko	παιδί	paidí	gyerek	lapsi	儿童	아이	子供	trẻ em	细路	sai3 lou6	囡仔	gin2-a2	طفل	tifl	बच्चा	bachcha	leanbh	lan-uv	plentyn	хүүхэд	çocuk	بالا	bala	เด็ก	dèk 	mtoto	anak	awééʼ	ah-way
adult	Erwachsene	vuxen	volwassene	adulte	adulto	adulto	adulto	взрослый	dorosły	ενήλικας	enílikas	felnőtt	aikuinen	成人	성인	大人	người lớn	大人	daai6 jan4	大人	tai7-lang5	بالغ	baligh	वयस्क	vayask	duine fásta	din-eh faws-tah	oedolyn	насанд хүрэгч	yetişkin	چوڭ ئادەم	chong adem	ผู้ใหญ่	phûu yài 	mtu mzima	dewasa	hastóí	hahs-toy
human	Mensch	människa	mens	humain	humano	humano	umano	человек	człowiek	άνθρωπος	ánthropos	ember	ihminen	人类	인간	人間	con người	人	jan4	人	lang5	إنسان	insan	इंसान	insaan	duine	din-eh	bod dynol	хүн	insan	ئىنسان	insan	มนุษย์	má-nút 	binadamu	manusia	diné	di-nay
friend	Freund	vän	vriend	ami	amigo	amigo	amico	друг	przyjaciel	φίλος	fílos	barát	ystävä	朋友	친구	友達	bạn	朋友	pang4 jau5	朋友	pîng-iú	صديق	sadiq	दोस्त	dost	cara	kara	ffrind	найз	arkadaş	دوست	dost	เพื่อน	phûean 	rafiki	teman	shikʼis	shi-kis
head	Kopf	huvud	hoofd	tête	cabeza	cabeça	testa	голова	głowa	κεφάλι	kefáli	fej	pää	头	머리	头	đầu	头	tau4	头	thau5	رأس	ra's	सिर	sir	ceann	kyown	pen	толгой	baş / kafa	باش	bash	หัว	hǔa 	kichwa	kepala	sitsitsʼiin	si-tsi-tseen
neck	Hals	hals	nek	cou	cuello	pescoço	collo	шея	szyja	λαιμός	laimós	nyak	kaula	脖子	목	首	cổ	颈	geng2	颔颈	am7-kun2	رقبة	raqaba	गर्दन	gardan	muineál	mwin-awl	gwddf	хүзүү	boyun	بويۇن	boyun	คอ	khō 	shingo	leher	sikʼos	si-kos
face	Gesicht	ansikte	gezicht	visage	cara	rosto	viso	лицо	twarz	πρόσωπο	prósopo	arc	kasvot	脸	얼굴	顔	mặt	脸	lim5	面	bin7	وجه	wajh	चेहरा	chehara	aghaidh	eye	wyneb	нүүр	yüz	يۈز	yüz	หน้า	nâa 	uso	wajah	siiʼ	see
beard	Bart	skägg	baard	barbe	barba	barba	barba	борода	broda	γένια	génia	szakáll	parta	胡须	수염	髭	râu	须	sou1	喙须	tshu3-tshiau1	لحية	lihya	दाढ़ी	daadhee	féasóg	fay-sog	barf	сахал	sakal	ساقال	saqal	เครา	khrāo 	ndevu	janggut	dágá	dah-gah
hair	Haar	hår	haar	cheveux	pelo	cabelo	capelli	волосы	włosy	μαλλιά	malliá	haj	hiukset	头发	머리카락	髪	tóc	头发	tau4 faat3	头发	thau5-mng5	شعر	sha'r	बाल	baal	gruaig	groo-ig	gwallt	үс	saç	چاچ	chach	ผม	phǒm 	nywele	rambut	sitsiiʼ	si-tsee
eye	Auge	öga	oog	œil	ojo	olho	occhio	глаз	oko	μάτι	máti	szem	silmä	眼睛	눈	目	mắt	眼	ngaan5	目睭	bak8-tsiu1	عين	'ayn	आँख	aankh	súil	soo-il	llygad	нүд	göz	كۆز	köz	ตา	tā 	jicho	mata	shinááʼ	shi-nah
mouth	Mund	mun	mond	bouche	boca	boca	bocca	рот	usta	στόμα	stóma	száj	suu	嘴	입	口	miệng	嘴	zeoi2	嘴	tshu3	فم	fam	मुँह	munh	béal	byay-ul	ceg	ам	ağız	ئېغىز	éghiz	ปาก	pàak 	kinywa	mulut	shizééʼ	shi-zay
lip	Lippe	läpp	lip	lèvre	labio	lábio	labbro	губа	warga	χείλος	cheílos	ajak	huuli	嘴唇	입술	唇	môi	嘴唇	zeoi2 seon4	嘴唇	tshu3-tun5	شفة	shafa	होंठ	honth	liopa	lippa	gwefus	уруул	dudak	كالپۇك	kalpuk	ริมฝีปาก	rīm fǐi pàak 	mdomo	bibir	shidaaʼ	shi-dah
nose	Nase	näsa	neus	nez	nariz	nariz	naso	нос	nos	μύτη	mýti	orr	nenä	鼻子	코	鼻	mũi	鼻	bei6	鼻	phinn7	أنف	anf	नाक	naak	srón	sron	trwyn	хамар	burun	بۇرۇن	burun	จมูก	chà-mùuk 	pua	hidung	chį́į́sh	cheen-sh
tooth	Zahn	tand	tand	dent	diente	dente	dente	зуб	ząb	δόντι	dónti	fog	hammas	牙齿	치아	歯	răng	牙	ngaa4	牙	tshia5	سن	sinn	दाँत	daant	fiacail	feeka-il	dant	шүд	diş	چىش	chish	ฟัน	fān 	jino	gigi	shiwooʼ	shi-woo
ear	Ohr	öra	oor	oreille	oreja	orelha	orecchio	ухо	ucho	αυτί	aftí	fül	korva	耳朵	귀	耳	tai	耳朵	ji5 do2	耳	hinn7	أذن	udhun	कान	kaan	cluas	klooss	clust	чих	kulak	قۇلاق	qulaq	หู	hǔu 	sikio	telinga	shijaaʼ	shi-jah
tear	Träne	tår	traan	larme	lágrima	lágrima	lacrima	слеза	łza	δάκρυ	dákry	könny	kyynel	眼泪	눈물	涙	nước mắt	眼泪	ngaan5 leoi6	目屎	bak8-sai2	دمعة	dam'a	आँसू	aansoo	deoir	jyo-ir	deigryn	нулимс	gözyaşı	ياش	yash	น้ำตา	náam tā 	chozi	air mata	shinátooʼ	shi-nah-toh
tongue	Zunge	tunga	tong	langue	lengua	língua	lingua	язык	język	γλώσσα	glóssa	nyelv	kieli	舌头	혀	舌	lưỡi	舌	shit6	舌	tsiat8	لسان	lisan	जीभ	jeebh	teanga	tyang-guh	tafod	хэл	dil	تىل	til	ลิ้น	lín 	ulimi	lidah	tsooʼ	tsoo
back	Rücken	rygg	rug	dos	espalda	costas	schiena	спина	plecy	πλάτη	pláti	hát	selkä	背	등	背	lưng	背脊	bui3 zek3	尻脊	kha1-tsiah8	ظهر	dhahr	पीठ	peeth	droim	drim	cefn	нуруу	sırt	ئارقا	arqa	หลัง	lǎng 	mgongo	punggung	shivííʼ	shi-vee
toe	Zehe	tå	teen	orteil	dedo del pie	dedo do pé	dito del piede	палец ноги	palec u nogi	δάχτυλο ποδιού	dáchtylo podioú	lábujj	varvas	脚趾	발가락	足の指	ngón chân	脚趾	goek3 zi2	脚指	kha1-tsai2	إصبع القدم	isba' al-qadam	पैर की उंगली	pair kee ungalee	ladhar	ly-ur	bys troed	хөлийн хуруу	ayak parmağı	پۇت بارمىقى	put barmiqi	นิ้วเท้า	níu tháo 	kidole cha mguu	jari kaki	bikeeʼ bikéshgaan	bee-kay bee-kaysh-gahn
finger	Finger	finger	vinger	doigt	dedo	dedo	dito	палец	palec	δάχτυλο	dáchtylo	ujj	sormi	手指	손가락	指	ngón tay	手指	sau2 zi2	手指	tshiú2-tsai2	إصبع	isba'	उंगली	ungalee	méar	may-ur	bys	хуруу	parmak	بارماق	barmaq	นิ้วมือ	níu mīu 	kidole	jari	shilaʼ	shi-lah
foot	Fuß	fot	voet	pied	pie	pé	piede	нога/стопа	stopa	πόδι	pódi	láb	jalka	脚	발	足	chân	脚	goek3	脚	kha1	قدم	qadam	पैर	pair	cos	koss	troed	хөл	ayak	پۇت	put	เท้า	tháo 	mguu (wa chini)	kaki (telapak)	shikeeʼ	shi-kay
hand	Hand	hand	hand	main	mano	mão	mano	рука	ręka	χέρι	chéri	kéz	käsi	手	손	手	tay	手	sau2	手	tshiu2	يد	yad	हाथ	haath	lámh	lawv	llaw	гар	el	قول	qol	มือ	mīu 	mkono	tangan	shilaʼ	shi-lah
leg	Bein	ben	been	jambe	pierna	perna	gamba	нога	noga	πόδι	pódi	láb	sääri	腿	다리	脚	chân	髀	bei2	跤	kha1	ساق	saq	टाँग	taang	cos	koss	coes	хөл	bacak	پۇت	put	ขา	khǎa 	mguu	kaki	shijáád	shi-jahd
arm	Arm	arm	arm	bras	brazo	braço	braccio	рука	ramię	μπράτσο	brátso	kar	käsivarsi	手臂	팔	腕	cánh tay	手臂	sau2 bei3	手骨	tshiú2-kut4	ذراع	dhira'	बाह	baah	lámh	lawv	braich	гар	kol	بىلەك	bilek	แขน	khǎen 	mkono	lengan	shigaan	shi-gahn
shoulder	Schulter	axel	schouder	épaule	hombro	ombro	spalla	плечо	ramię	ώμος	ómos	váll	olkapää	肩膀	어깨	肩	vai	肩头	gin1 tau4	肩头	kian1-thau5	كتف	katif	कंधा	kandha	gualainn	goo-lin	ysgwydd	мөр	omuz	مۈرە	müre	ไหล่	lǎi 	bega	bahu	shiwos	shi-wos
heart	Herz	hjärta	hart	cœur	corazón	coração	cuore	сердце	serce	καρδιά	kardiá	szív	sydän	心脏	심장	心臓	tim	心	sam1	心	sim1	قلب	qalb	दिल	dil	croí	kree	calon	зүрх	kalp	يۈرەك	yürek	หัวใจ	hǔa chāi 	moyo	hati / jantung	shijéí	shi-jay
blood	Blut	blod	bloed	sang	sangre	sangue	sangue	кровь	krew	αίμα	aíma	vér	veri	血液	피	血	máu	血	hyut3	血	hueh8	دم	dam	खून	khoon	fuil	fwil	gwaed	цус	kan	قان	qan	เลือด	lûeat 	damu	darah	dił	dilth
brain	Gehirn	hjärna	hersenen	cerveau	cerebro	cérebro	cervello	мозг	mózg	εγκέφαλος	egkéfalos	agy	aivot	大脑	뇌	脳	não	脑	nou5	脑	nau2	دماغ	dimagh	दिमाग	dimaag	inchinn	in-hin	ymennydd	тархи	beyin	مېڭە	ménge	สมอง	sà-mǎong 	ubongo	otak	sitsíítsʼiin bąąh dį́į́ʼ	si-tsee-tseen bah deen
knee	Knie	knä	knie	genou	rodilla	joelho	ginocchio	колено	kolano	γόνατο	gónato	térd	polvi	膝盖	무릎	膝	đầu gối	膝头	goek3 sat1	跤头趺	kha1-thau5-hu1	ركبة	rukba	घुटना	ghutna	glúin	gloon	pen-glin	өвдөг	diz	تىز	tiz	เข่า	khào 	goti	lutut	shigod	shi-god
sweat	Schweiß	svett	zweet	sueur	sudor	suor	sudore	пот	pot	ιδρώτας	idrótas	izzadság	hiki	汗	땀	汗	mồ hôi	汗	hon6	汗	kuann7	عرق	'araq	पसीना	paseena	allas	al-us	chwys	хөлс	ter	تەر	ter	เหงื่อ	ngùea 	jasho	keringat	sinto	sin-toh
bone	Knochen	ben / skelett	bot	os	hueso	osso	osso	кость	kość	κόκαλο	kókalo	csont	luu	骨头	뼈	骨	xương	骨	gwat1	骨	kut4	عظم	'adhim	हड्डी	haddee	cnámh	knawv	asgwrn	яс	kemik	سۆڭەك	söngek	กระดูก	krà-dùuk 	mfupa	tulang	tsʼin	tsin
voice	Stimme	röst / ljud	geluid	voix	voz	voz	voce	голос	głos	φωνή	foní	hang	ääni	声音	목소리	声	giọng nói	声	seng1	声	siann1	صوت	sawt	आवाज़	aawaaz	guth	guh	llais	дуу хоолой	ses	ئاۋاز	awaz	เสียง	sǐang 	sauti	suara	shinéeʼ	shi-nay
skin	Haut	hud	huid	peau	piel	pele	pelle	кожа	skóra	δέρμα	dérma	bőr	iho	皮肤	피부	肌	da	皮肤	pei4 fu1	皮肤	phue5-hu5	جلد	jild	त्वचा	tvacha	craiceann	krak-un	croen	арьс	cilt / deri	تېرە	tére	ผิวหนัง	phǐu nǎng 	ngozi	kulit	hagi	ha-gee
body	Körper	kropp	lichaam	corps	cuerpo	corpo	corpo	тело	ciało	σώμα	sóma	test	vartalo	身体	몸	体	cơ thể	身体	san1 tai2	身体	sin1-the2	جسم	jism	शरीर	shareer	corp	kurp	corff	бие	vücut	بەدەن	beden	ร่างกาย	râang kāai 	mwili	tubuh	sitsʼíís	si-tsees
work	arbeiten	arbeta	werken	travailler	trabajar	trabalhar	lavorare	работать	pracować	δουλεύω	doulevo	dolgozik	työskennellä	工作	일하다	働く	làm việc	做嘢	zou6 je5	做工	tso3-kang1	عمل	'amal	काम	kaam	obair	ub-ir	gweithio	ажиллах	çalışmak	ئىشلىمەك	ishlimek	ทำงาน	thām ngāan 	fanya kazi	bekerja	naalnish	nahl-nish
play	spielen	leka / spela	spelen	jouer	jugar	brincar	giocare	играть	bawić się	παίζω	paizo	játszik	leikkiä	玩	놀다	遊ぶ	chơi	玩	waan2	耍	sng2	لعب	la'ib	खेलना	khelna	súgradh	soo-gruh	chwarae	тоглох	oynamak	ئوينىماق	oynimaq	เล่น	lên 	cheza	bermain	naané	nah-nay
walk	gehen	gå	lopen	marcher	caminar	caminhar	camminare	ходить	iść	περπατώ	perpato	sétál	kävellä	走路	걷다	歩く	đi bộ	行路	haang4 lou6	行路	kiann5-loo7	مشى	masha	चलना	chalna	siúil	shoo-il	cerdded	алхах	yürümek	ماڭماق	mangmaq	เดิน	dōen 	tembea	berjalan	yigááł	yi-gahl
run	laufen	springa	rennen	courir	correr	correr	correre	бежать	biegać	τρέχω	trecho	fut	juosta	跑	달리다	走る	chạy	跑	paau2	走	tsau2	ركض	rakada	दौड़ना	daudna	rith	rih	rhedeg	гүйх	koşmak	يۈگۈرمەك	yügürmek	วิ่ง	wîng 	kimbia	berlari	yilwoł	yil-wolth
drive	fahren	köra	rijden	conduire	conducir	dirigir	guidare	водить	prowadzić	οδηγώ	odigo	vezet	ajaa	驾驶	운전하다	運転する	lái xe	揸车	zaa1 ce1	驶车	sai2-tshia1	قاد	qada	चलाना	chalaana	tiomáin	tyum-awn	gyrru	жолоодох	sürmek	ھەيدىمەك	heydimek	ขับรถ	khàp rót 	endesha	mengemudi	jidlóós	ji-dlohs
fly	fliegen	flyga	vliegen	voler	volar	voar	volare	летать	latać	πετώ	peto	repül	lentää	飞	날다	飞ぶ	bay	飞	fei1	飞	pue1	طار	tara	उड़ना	udna	eitil	et-il	hedfan	нисэх	uçmak	ئۇچمەك	uchmek	บิน	bīn 	ruka	terbang	naatʼaʼ	nah-tah
swim	schwimmen	simma	zwemmen	nager	nadar	nadar	nuotare	плавать	pływać	κολυμπώ	kolympo	úszik	uida	游泳	수영하다	泳ぐ	bơi	游水	jau4 seoi2	泅水	siu5-tsui2	سبح	sabaha	तैरना	tairna	snámh	snawv	nofio	сэлэх	yüzmek	ئۈزمەك	üzmek	ว่ายน้ำ	wâai náam 	ogelea	berenang	naʼałkǫ́ǫ́ʼ	nah-ahl-kon
go	gehen	åka / gå	gaan	aller	ir	ir	andare	идти	iść	πηγαίνω	pigaino	megy	mennä	去	가다	行く	đi	去	heoi3	去	khi3	ذهب	dhahaba	जाना	jaana	téigh	tay	mynd	явах	gitmek	بارماق	barmaq	ไป	pāi 	nenda	pergi	déyá	day-yah
stop	stoppen	stanna	stoppen	arrêter	parar	parar	fermarsi	остановить	stop	σταματώ	stamato	megáll	pysähtyä	停止	멈추다	止まる	dừng lại	停	ting4	停	thing5	توقف	tawaqqaf	रुकना	rukna	stad	stad	stopio / aros	зогсох	durmak	توختىماق	toxtimaq	หยุด	yùt 	simama	berhenti	niʼjiitʼį́į́h	ni-jee-teen
follow	folgen	följa	volgen	suivre	seguir	seguir	seguire	следовать	śledzić	ακολουθώ	akoloutho	követ	seurata	跟随	따르다	従う	đi theo	跟	gan1	跟	kun1	تبع	tabi'a	पीछे चलना	peechhe chalna	lean	lyan	dilyn	дагах	takip etmek	ئەگەشمەك	egeshmek	ตาม	tāam 	fuata	mengikuti	bikééʼ naashá	bee-kay nah-shah
think	denken	tänka	denken	penser	pensar	pensar	pensare	думать	myśleć	σκέφτομαι	skeftomai	gondolkodik	ajatella	想	생각하다	思う	nghĩ	估	gu2	想	siunn2	فكر	fakkara	सोचना	sochna	smaoinigh	sween-ee	meddwl	бодох	düşünmek	ئويلىماق	oylimaq	คิด	khít 	fikiri	berpikir	nitsékees	ni-tsay-kees
say	sagen	prata / tala	praten	dire	decir	dizer	dire	сказать	mówić	λέω	leo	mond	sanoa	说	말하다	言う	nói	讲	gong2	讲	kong2	قال	qala	कहना	kahna	deir	jer	dweud	хэлэх	söylemek	دېمەك	démek	พูด	phûut 	sema	berkata	haʼní	hah-nee
eat	essen	äta	eten	manger	comer	comer	mangiare	есть	jeść	τρώω	troo	eszik	syödä	吃	먹다	食べる	ăn	食	sik6	食	tsiah8	أكل	akala	खाना	khaana	ith	ih	bwyta	идэх	yemek	يىمەك	yimek	กิน	kīn 	kula	makan	yishą́	yi-shahn
drink	trinken	dricka	drinken	boire	beber	beber	bere	пить	pić	πίνω	pino	iszik	juoda	喝	마시다	飲む	uống	饮	jam2	饮	lim1	شرب	shariba	पीना	peena	ól	o-ul	yfed	уух	içmek	ئىچمەك	ichmek	ดื่ม	dùem 	kunywa	minum	yishdlą́	yi-shdlahn
kill	töten	döda	doden	tuer	matar	matar	uccidere	убивать	zabijać	σκοτώνω	skotono	öl	tappaa	杀	죽이다	杀す	giết	杀	saat3	杀	sat4	قتل	qatala	मारना	maarna	maraigh	mar-ee	lladd	алах	öldürmek	ئۆلتۈرمەك	öltürmek	ฆ่า	khâa 	ua	membunuh	yiyiisxį́	yi-yees-heen
die	sterben	dö	sterven	mourir	morir	morrer	morire	умирать	umierać	πεθαίνω	pethaino	meghal	kuolla	死	죽다	死ぬ	chết	死	sei2	死	si2	مات	mata	मरना	marna	faigh bás	fye bawss	marw	үхэх	ölmek	ئۆلمەك	ölmek	ตาย	tāai 	kufa	mati	daaztsą́	dahz-tsahn
laugh	lachen	skratta	lachen	rire	reír	rir	ridere	смеяться	śmiać się	γελάω	gelao	nevet	nauraa	笑	웃다	笑う	cười	笑	siu3	笑	tshio3	ضحك	dahika	हँसना	hansna	gáire	gaw-ira	chwerthin	инээх	gülmek	كۈلمەك	külmek	หัวเราะ	hǔa-ró 	cheka	tertawa	dloh	dloh
cry	weinen	gråta	huilen	pleurer	llorar	chorar	piangere	плакать	płakać	κλαίω	klaio	sír	itkeä	哭	울다	泣く	khóc	喊	haam3	哭	khau3	بكى	baka	रोना	rona	caoin	kween	crio	уйлах	ağlamak	يىغلىماق	yighlimaq	ร้องไห้	ráng hâi 	lia	menangis	yichą	yi-chahn
buy	kaufen	köpa	kopen	acheter	comprar	comprar	comprare	покупать	kupować	αγοράζω	agorazo	vásárol	ostaa	买	사다	買う	mua	买	maai5	买	bue2	اشترى	ishtara	खरीदना	khareedna	ceannaigh	kyan-ee	prynu	худалдаж авах	satın almak	سېتىۋالماق	sétiwalmaq	ซื้อ	sūue 	nunua	membeli	nayiiłniih	nah-yeel-neeh
sell	verkaufen	sälja	verkopen	vendre	vender	vender	vendere	продавать	sprzedawać	πουλάω	poulao	elad	myydä	卖	팔다	売る	bán	卖	maai6	卖	bue7	باع	ba'a	बेचना	bechna	díol	jee-ul	gwerthu	зарах	satmak	ساتماق	satmaq	ขาย	khǎai 	uza	menjual	nayiiłniih	nah-yeel-neeh
learn	lernen	lära	leren	apprendre	aprender	aprender	imparare	учиться	uczyć się	μαθαίνω	mathaino	tanul	oppia	学习	배우다	学ぶ	học	学	hok6	学	hak8	تعلم	ta'allama	सीखना	seekhna	foghlaim	fow-lim	dysgu	сурах	öğrenmek	ئەگەشمەك	egeshmek	เรียน	rīan 	jifunze	belajar	íhoołʼaah	ee-hool-ah
jump	springen	hoppa	springen	sauter	saltar	pular	saltare	прыгать	skakać	πηδώ	pido	ugrik	hypätä	跳	뛰다	跳ぶ	nhảy	跳	tiu3	跳	thiau3	قفز	qafaza	कूदना	koodna	léim	lyay-im	neidio	үсрэх	zıplamak	سەكرىمەك	sekrimek	กระโดด	krà-dòot 	ruka	melompat	naatʼaʼ	nah-tah
smell	riechen	lukta	ruiken	sentir	oler	cheirar	odorare	нюхать	wąchać	μυρίζω	myrizo	szagol	haistaa	闻	냄새 맡다	嗅ぐ	ngửi	闻	man4	鼻	phinn7	شم	shamma	सूँघना	soonghna	boladh	bull-uh	arogli	үнэрлэх	koklamak	پۇرىماق	purimaq	ดม	dōm 	nusa	mencium (bau)	yishchin	yi-shchin
hear	hören	höra	horen	entendre	oír	ouvir	sentire	слышать	słyszeć	ακούω	akouo	hall	kuulla	听	듣다	聴く	nghe	听	teng1	听	thiann1	سمع	sami'a	सुनना	sunna	clois	klish	clywed	сонсох	duymak	ئاڭلىماق	anglimaq	ได้ยิน	dâai yīn 	sikia	mendengar	yishʼį́	yi-sheen
taste	schmecken	smaka	proeven	goûter	saborear	provar	assaggiare	пробовать	smakować	γεύομαι	gevomai	ízlel	maistaa	尝	맛보다	味わう	nếm	试	si3	试	tshi3	ذاق	dhaqa	चखना	chakhna	blaiseadh	blash-uh	blasu	амтлах	tatmak	تېتىماق	tétimaq	ชิม	chīm 	onja	mencicipi	liikan	lee-kahn
touch	berühren	röra	aanraken	toucher	tocar	tocar	toccare	трогать	dotykać	αγγίζω	aggizo	érint	koskettaa	触摸	만지다	触る	chạm	摸	mo2	摸	bong1	لمس	lamasa	छूना	chhoona	teagmháil	tyag-waw-il	cyffwrdd	хүрэх	dokunmak	تېگىشمەك	tégishmek	สัมผัส	sǎm-phàt 	gusa	menyentuh	nídidiiłnih	nee-di-deel-nih
see	sehen	se	zien	voir	ver	ver	vedere	видеть	widzieć	βλέπω	vlepo	lát	nähdä	看	보다	看る	nhìn	睇	tai2	看	khuann3	رأى	ra'a	देखना	dekhna	feic	feck	gweld	харах	görmek	كۆرمەك	körmek	เห็น	hěn 	ona	melihat	yishʼį́	yi-sheen
kiss	küssen	kyssa	kussen	embrasser	besar	beijar	baciare	целовать	całować	φιλάω	filao	csókol	suudella	亲吻	키스하다	吻する	hôn	锡	sek3	嘴	ain1	قبل	qabbala	चूमना	choomna	póg	pog	cusanu	үнсэх	öpmek	سۆيمەك	söymek	จูบ	chùup 	busu	mencium (bibir)	atsʼą́	a-tsahn
burn	brennen	bränna	branden	brûler	quemar	queimar	bruciare	гореть	palić	καίω	kaio	ég	polttaa	烧	태우다	燃える	đốt	烧	siu1	烧	sio1	حرق	haraqa	जलना	jalna	dódh	doh	llosgi	шатаах	yakmak	كۆيمەك	köymek	เผา	phǎo 	choma	membakar	dídiiłjééʼ	dee-deel-jay
explode	explodieren	explodera	exploderen	exploser	explotar	explodir	esplodere	взрываться	wybuchać	εκρήγνυμαι	ekrignymai	robban	räjähtää	爆炸	폭발하다	爆発する	nổ	爆	baau3	爆炸	pau3-tsa3	انفجر	infajara	फटना	phatna	pléasc	play-ask	ffrwydro	дэлбэрэх	patlamak	پارتلىماق	partlimaq	ระเบิด	rá-bòet 	lipuka	meledak	diltłiʼ	dil-tli
sit	sitzen	sitta	zitten	s'asseoir	sentarse	sentar	sedersi	сидеть	siedzieć	κάθομαι	kathomai	ül	istua	坐	앉다	座る	ngồi	坐	co5	坐	tse7	جلس	jalasa	बैठना	baithna	suigh	see	eistedd	суух	oturmak	ئولتۇرماق	olturmaq	นั่ง	nâng 	keti	duduk	sédá	say-dah
stand	stehen	stå	staan	se tenir debout	estar de pie	ficar de pé	stare in piedi	стоять	stać	στέκομαι	stekomai	áll	seistä	站立	서다	立つ	đứng	企	kei5	企	khia7	وقف	waqafa	खड़ा होना	khada hona	seas	shass	sefyll	зогсох	ayakta durmak	تۇرماق	turmaq	ยืน	yūen 	simama	berdiri	sézį́	say-zeen
love	lieben	älska	houden van	aimer	amar	amar	amare	любить	kochać	αγαπώ	agapo	szeret	rakastaa	爱	사랑하다	爱する	yêu	爱	oi3	爱	ai3	أحب	ahabba	प्यार	pyaar	grá	graw	caru	хайрлах	sevmek	سۆيمەك	söymek	รัก	rák 	penda	mencintai	ayóóʼánįįshní	ah-yoh-ah-neesh-nee
dance	tanzen	dansa	dansen	danser	bailar	dançar	ballare	танцевать	tańczyć	χορεύω	chorevo	táncol	tanssia	跳舞	춤추다	踊る	nhảy	跳舞	tiu3 mou5	跳舞	thiau3-bu2	رقص	raqasa	नाचना	naachna	rince	rink-eh	dawnsio	бүжиглэх	dans etmek	ئۇسسۇل ئوينىماق	ussul oynimaq	เต้น	tên 	cheza dansi	menari	ashlzhish	ash-lzhish
sleep	schlafen	sova	slapen	dormir	dormir	dormir	dormire	спать	spać	κοιμάμαι	koimamai	alszik	nukkua	睡觉	자다	眠る	ngủ	瞓觉	fan3 gaau3	困	khun3	نام	nama	सोना	sona	codail	kodd-il	cysgu	унтах	uyumak	ئۇخلىماق	uxlimaq	นอน	nâwn 	lala	tidur	ałhosh	alth-hosh
sing	singen	sjunga	zingen	chanter	cantar	cantar	cantare	петь	śpiewać	τραγουδώ	tragoudo	énekel	laulaa	唱歌	노래하다	歌う	hát	唱歌	ceong3 go1	唱歌	tshiunn3-kua1	غنى	ghanna	गाना	gaana	amhráin	ow-rawn	canu	дуулах	şarkı söylemek	ناخشا ئېيتماق	naxsha éytmaq	ร้องเพลง	ráng phlēng 	imba	menyanyi	hatááł	ha-tahl
win	gewinnen	vinna	winnen	gagner	ganar	ganhar	vincere	выигрывать	wygrywać	νικώ	niko	nyer	voittaa	赢	이기다	胜つ	thắng	赢	jeng4	赢	iann5	فاز	faza	जीतना	jeetna	buaigh	boo-ee	ennill	ялах	kazanmak	ئۇتماق	utmaq	ชนะ	chà-ná 	shinda	menang	jidleeh	ji-dleeh
lose	verlieren	förlora	verliezen	perdre	perder	perder	perdere	терять	przegrywać	χάνω	chano	veszít	hävitä	输	지다	负ける	thua	输	syu1	输	su1	خسر	khasira	हारना	haarna	caill	ky-ill	colli	ялагдах	kaybetmek	ئۇتتۇرماق	utturmaq	แพ้	pháe 	poteza	kalah / hilang	yóóʼiidziih	yoh-eed-zeeh
stir	rühren	person	persoon	remuer	revolver	mexer	mescolare	перемешивать	mieszać	ανακατεύω	anakatevo	kever	sekoittaa	搅拌	젓다	かき混ぜる	khuấy	搅	gaau2	搅	kiao2	حرك	harraka	हिलाना	hilaana	corraigh	kur-ee	troi	хутгах	karıştırmak	ئارىلاشتۇرماق	arilashturmaq	คน	khōn 	koroga	mengaduk	náhałtah	nah-hahl-tah
bend	biegen	kurva	bocht	plier	doblar	dobrar	piegare	гнуть	zginać	λυγίζω	lygizo	hajlít	taivuttaa	弯曲	굽히다	曲げる	uốn	弯	waan1	弯	uan1	ثنى	thana	झुकना	jhukna	lúb	loob	plygu	бөхийх	bükmek	ئەگمەك	egmek	โค้ง	khóong 	kunja	membengkokkan	náztą́	nahz-tahn
wash	waschen	tvätta	wassen	laver	lavar	lavar	lavare	мыть	myć	πλένω	pleno	mos	pestä	洗	씻다	洗う	rửa	洗	sai2	洗	se2	غسل	ghasala	धोना	dhona	nigh	nee	golchi	угаах	yıkamak	يۇيماق	yuymaq	ล้าง	láang 	osha	mencuci	tánasgiz	tah-nahs-giz
cook	kochen	laga mat	koken	cuisiner	cocinar	cozinhar	cucinare	готовить	gotować	μαγειρεύω	mageirevo	főz	kokata	烹饪	요리하다	料理する	nấu	煮	zeoi2	煮	tsu2	طبخ	tabakha	पकाना	pakaana	cócaráil	ko-kur-aw-il	coginio	хоол хийх	pişirmek	تاماق ئەتمەك	tamaq etmek	ทำอาหาร	thām āa-hǎan 	pika	memasak	chʼiyáán ííłʼį́	ch-yah-ahn eel-een
open	öffnen	öppna	openen	ouvrir	abrir	abrir	aprire	открывать	otwierać	ανοίγω	anoigo	nyit	avata	打开	열다	开ける	mở	开	hoi1	开	khui1	فتح	fataha	खोलना	kholna	oscail	uss-kil	agor	нээх	açmak	ئاچماق	achmaq	เปิด	pòet 	fungua	membuka	ąąʼ áshłééh	ah-ah-shlay
close	schließen	stänga	sluiten	fermer	cerrar	fechar	chiudere	закрывать	zamykać	κλείνω	kleino	zár	sulkea	关闭	닫다	闭める	đóng	埋	maai4	关	kuann1	أغلق	aghlaqa	बंद करना	band karna	dún	doon	cau	хаах	kapatmak	ياپماق	yapmaq	ปิด	pìt 	funga	menutup	dadiʼdił	dah-di-dilth
write	schreiben	skriva	schrijven	écrire	escribir	escrever	scrivere	писать	pisać	γράφω	grafo	ír	kirjoittaa	写	쓰다	书く	viết	写	se2	写	sia2	كتب	kataba	लिखना	likhna	scríobh	shkree-uv	ysgrifennu	бичих	yazmak	يازماق	yazmaq	เขียน	khǐan 	andika	menulis	akʼeʼelchí	ah-kay-el-chee
catch	fangen	fånga / hålla	vangen	attraper	atrapar	pegar	catturare	ловить	łapać	πιάνω	piano	elkap	ottaa kiinni	捉	잡다	捕まえる	bắt	捉	zuk1	提	theh8	أمسك	amsaka	पकड़ना	pakadna	beir	ber	dal	барих	yakalamak	تۇتماق	tutmaq	จับ	chàp 	kamata	menangkap	yishloh	yi-shloh
throw	werfen	kasta	gooien	jeter	lanzar	jogar	lanciare	бросать	rzucać	ρίχνω	richno	dob	heittää	扔	던지다	投げる	ném	掉	diu6	掞	hiat8	رمى	rama	फेंकना	phenkna	caith	kah	taflu	шидэх	atmak	ئاتماق	atmaq	ขว้าง	khwâang 	tupa	melempar	ahizhdiiłtłʼíid	ah-hizh-deel-t-leed
search	suchen	hitta	zoeken	chercher	buscar	procurar	cercare	искать	szukać	ψάχνω	psachno	keres	etsiä	搜寻	찾다	探す	tìm kiếm	揾	wan2	揣	tshe7	بحث	bahatha	खोजना	khojna	cuardaigh	koor-dee	chwilio	хайх	aramak	ئىزدەمەك	izdemek	หา	hǎa 	tafuta	mencari	haniʼ	ha-nee
push	drücken	knuffa	duwen	pousser	empujar	empurrar	spingere	толкать	pchać	σπρώχνω	sprochno	tol	työntää	推	밀다	押す	đẩy	推	teoi1	推	the1	دفع	dafa'a	ढकेलना	dhakelna	brúigh	broo-ee	gwthio	түлхэх	itmek	ئىتتەرمەك	ittermek	ผลัก	phlàk 	sukuma	mendorong	adasiiłtłʼid	ah-dah-seel-t-lid
pull	ziehen	dra	trekken	tirer	tirar	puxar	tirare	тянуть	ciągnąć	τραβώ	travo	húz	vetää	拉	끌다	引く	kéo	掹	mang1	拖	thua1	سحب	sahaba	खींचना	kheenchna	tarraing	tar-ing	tynnu	татах	çekmek	تارتماق	tartmaq	ดึง	dūeng 	vuta	menarik	yididloh	yi-di-dloh
city	Stadt	stad	stad	ville	ciudad	cidade	città	город	miasto	πόλη	póli	város	kaupunki	城市	도시	都市	thành phố	城市	sing4 si5	城市	tshiann5-tshi7	مدينة	madina	शहर	shahar	cathair	ka-hir	dinas	хот	şehir	شەھەر	sheher	เมือง	mūeang 	mji	kota	kin haalʼá	keen hahl-ah
house	Haus	hus / hem	huis	maison	casa	casa	casa	дом	dom	σπίτι	spíti	ház	talo	房子	집	家	nhà	屋	ok1	厝	tshu3	بيت	bayt	घर	ghar	teach	tyakh	tŷ	байшин	ev	ئۆي	öy	บ้าน	bâan 	nyumba	rumah	hooghan	hoo-ghan
apartment	Wohnung	lägenhet	appartement	appartement	apartamento	apartamento	appartamento	квартира	mieszkanie	διαμέρισμα	diamérisma	lakás	huoneisto	公寓	아파트	アパート	căn hộ	楼	lau4	楼	lau5	شقة	shaqqa	कमरा / फ्लैट	kamra / flat	árasán	aras-awn	fflat	орон сууц	daire	پاتىراك	patiraq	อพาร์ทเม้นท์	à-phâat-mén 	ghorofa	apartemen	kin biiʼ dahdínéezbin	keen bee dah-dee-nayz-bin
street	Straße	väg / gata	straat	rue	calle	rua	strada	улица	ulica	δρόμος	drómos	utca	katu	街道	거리	通り	đường	街	gaai1	街	ke1	شارع	shari'	सड़क	sadak	sráid	sraw-ij	stryd	гудамж	sokak	كوچا	kocha	ถนน	thà-nǒn 	barabara	jalan	atiin	ah-teen
airport	Flughafen	flygplats	vliegveld	aéroport	aeropuerto	aeroporto	aeroporto	аэропорт	lotnisko	αεροδρόμιο	aerodrómio	repülőtér	lentokenttä	机场	공항	空港	sân bay	机场	gei1 coeng4	飞行场	hue1-ling5-tiunn5	مطار	matar	हवाई अड्डा	havaee adda	aerfort	ayr-furt	maes awyr	нисэх онгоцны буудал	havalimanı	ئايرودروم	ayrodrom	สนามบิน	sà-nǎam bīn 	uwanja wa ndege	bandara	chidí naatʼaʼí ńdeitʼihígíí	chi-dee nah-tah-ee day-tih-ee-gee
train station	Bahnhof	tågstation	treinstation	gare	estación	estação	stazione	вокзал	dworzec	σταθμός	stathmós	vasútállomás	rautatieasema	火车站	기차역	駅	ga tàu	火车站	fo2 ce1 zaam6	火车站	hue2-tshia1-tsam7	محطة القطار	mahattat al-qitar	रेलवे स्टेशन	railway station	stáisiún traenach	staw-shoon tray-nakh	gorsaf drenau	галт тэрэгний буудал	tren istasyonu	پويىز ئىستانسىسى	poyiz istansisi	สถานีรถไฟ	sà-thǎa-nīi rót fai 	stesheni ya treni	stasiun kereta	kǫʼ naʼałbąąsii dabiighan	kon nah-ahl-bahn-see dah-bee-ghan
bridge	Brücke	bro	brug	pont	puente	ponte	ponte	мост	most	γέφυρα	géfyra	híd	silta	桥	다리	桥	cầu	桥	kiu4	桥	kio5	جسر	jisr	पुल	pul	droichead	drih-had	pont	гүүр	köprü	كۆۋرۈك	köwrük	สะพาน	sà-phāan 	daraja	jembatan	naʼníʼá	nah-nee-ah
hotel	Hotel	hotell	hotel	hôtel	hotel	hotel	hotel	отель	hotel	ξενοδοχείο	xenodocheío	szálloda	hotelli	酒店	호텔	ホテル	khách sạn	酒店	zau2 dim3	饭店	phan7-tiam7	فندق	funduq	होटल	hotel	óstán	oss-tawn	gwesty	зочид буудал	otel	مېھمانخانا	méhmanxana	โรงแรม	rōng rāem 	hoteli	hotel	hotel	ho-tel
restaurant	Restaurant	restaurang	restaurant	restaurant	restaurante	restaurante	ristorante	ресторан	restauracja	εστιατόριο	estiatório	étterem	ravintola	餐厅	식당	レストラン	nhà hàng	餐馆	caan1 gun2	饭馆	pn̄g-kuán	مطعم	mat'am	रेस्तरां	restaraan	bialann	bee-al-un	bwyty	ресторан	restoran	ئاشخانا	ashxana	ร้านอาหาร	ráan āa-hǎan 	mgahawa	restoran	ddaʼaniih góneʼ	dah-ah-neeh go-nay
farm	Bauernhof	bondgård	boerderij	ferme	granja	fazenda	fattoria	ферма	farma	αγρόκτημα	agróktima	farm	maatila	农场	농장	农场	trang trại	农场	nung4 coeng4	农场	long7-tiunn5	مزرعة	mazra'a	खेत	khet	feirm	fer-im	fferm	ферм	çiftlik	فېرمى	fermi	ฟาร์ม	fāam 	shamba	pertanian	dáʼákʼeh	dah-ah-keh
court	Gericht	domstol	rechtbank	tribunal	tribunal	tribunal	tribunale	суд	sąd	δικαστήριο	dikastírio	bíróság	oikeus	法院	법원	裁判所	tòa án	法院	faat3 jyun2	法院	huat4-i7	محكمة	mahkama	अदालत	adaalat	cúirt	koort	llys	шүүх	mahkeme	سوت	sot	ศาล	sǎan 	mahakama	pengadilan	áhootʼiʼ góneʼ	ah-hoot-ee go-nay
school	Schule	skola	school	école	escuela	escola	scuola	школа	szkoła	σχολείο	scholeío	iskola	koulu	学校	학교	学校	trường học	学校	hok6 haau6	学校	hak8-hau7	مدرسة	madrasa	स्कूल	school	scoil	skull	ysgol	сургууль	okul	مەكتەپ	mektep	โรงเรียน	rōng rīan 	shule	sekolah	óltaʼ	ol-tah
office	Büro	kontor	kantoor	bureau	oficina	escritório	ufficio	офис	biuro	γραφείο	grafeío	iroda	toimisto	办公室	사무실	事务所	văn phòng	写字楼	se2 zi6 lau4	办公室	pan7-kong1-sit4	مكتب	maktab	दफ़्तर	daftar	oifig	if-ig	swyddfa	оффис	ofis	ئىشخانا	ishxana	สำนักงาน	sǎm-nák ngāan 	ofisi	kantor	naanish góneʼ	nah-nish go-nay
room	Zimmer	rum	kamer	chambre	habitación	quarto	stanza	комната	pokój	δωμάτιο	domátio	szoba	huone	房间	방	部屋	phòng	房	fong4	房	pang5	غرفة	ghurfa	कमरा	kamra	seomra	shyum-ra	ystafell	өрөө	oda	ئۆي	öy	ห้อง	hông 	chumba	kamar	góneʼ	go-nay
university	Universität	universitet	universiteit	université	universidad	universidade	università	университет	uniwersytet	πανεπιστήμιο	panepistímio	egyetem	yliopisto	大学	대학교	大学	đại học	大学	daai6 hok6	大学	tai7-hak8	جامعة	jami'a	विश्वविद्यालय	vishvavidyaalay	ollscoil	ull-skull	prifysgol	их сургууль	üniversite	ئۇنىۋېرسىتېت	uniwérsitét	มหาวิทยาลัย	má-hǎa-wít-thá-yāa-lāi 	chuo kikuu	universitas	íhoolʼaah bá hazʼą́	ee-hool-ah bah haz-ahn
park	Park	park	park	parc	parque	parque	parco	парк	park	πάρκο	párko	park	puisto	公园	공원	公园	công viên	公园	gung1 jyun2	公园	kong1-huan5	حديقة	hadiqa	पार्क	park	páirc	paw-irk	parc	цэцэрлэгт хүрээлэн	park	باغچا	baghcha	สวนสาธารณะ	sǔan sǎa-thāa-rá-ná 	bustani	taman	chʼil dbitáʼí	chil bee-tah-ee
shop	Geschäft	butik / affär	winkel	magasin	tienda	loja	negozio	магазин	sklep	κατάστημα	katástima	bolt	kauppa	商店	상점	店	cửa hàng	铺头	pou3 tau2	店	tiam7	محل	mahall	दुकान	dukaan	siopa	shyuppa	siop	дэлгүүр	dükkan	دۇكان	dukan	ร้านค้า	ráan khâa 	duka	toko	naalyéhé bá hooghan	nahl-yay-hay bah hoo-ghan
theater	Theater	teater	theater	théâtre	teatro	teatro	teatro	театр	teatr	θέατρο	théatro	színház	teatteri	剧院	극장	剧场	nhà hát	戏院	hei3 jyun2	戏园	hi3-huan5	مسرح	masrah	सिनेमाघर	cinemaghar	amharclann	ow-ur-klon	theatr	театр	tiyatro	تىياتىرخانا	tiyatirxana	โรงละคร	rōng lá-khāwn 	ukumbi wa michezo	teater	nidaʼalkid góneʼ	ni-dah-al-kid go-nay
library	Bibliothek	bibliotek	bibliotheek	bibliothèque	biblioteca	biblioteca	biblioteca	библиотека	biblioteka	βιβλιοθήκη	vivliothíki	könyvtár	kirjasto	图书馆	도서관	図书馆	thư viện	图书馆	tou4 syu1 gun2	图书馆	too5-su1-kuan2	مكتبة	maktaba	पुस्तकालय	pustakaalay	leabharlann	lyow-ur-klon	llyfrgell	номын сан	kütüphane	كۇتۇپخانا	kutupxana	ห้องสมุด	hông sà-mùt 	maktaba	perpustakaan	naaltsoos bá hooghan	nahl-tsohs bah hoo-ghan
hospital	Krankenhaus	sjukhus	ziekenhuis	hôpital	hospital	hospital	ospedale	больница	szpital	νοσοκομείο	nosokomeío	kórház	sairaala	医院	병원	病院	bệnh viện	医院	ji1 jyun2	医院	i1-inn7	مستشفى	mustashfa	अस्पताल	aspataal	ospidéal	oss-pi-jay-ul	ysbyty	эмнэлэг	hastane	دوختۇرخانا	doxturxana	โรงพยาบาล	rōng phá-yāa-bāan 	hospitali	rumah sakit	azeeʼálʼį́	ah-zay-ahl-een
church	Kirche	kyrka	kerk	église	iglesia	igreja	chiesa	церковь	kościół	εκκλησία	ekklisía	templom	kirkko	教堂	교회	教会	nhà thờ	教堂	gaau3 tong4	礼拜堂	le2-pai7-tong5	كنيسة	kanisa	गिरजाघर	girajaaghar	eaglais	ag-lish	eglwys	сүм	kilise	چېركاۋ	chérkaw	โบสถ์	bòot 	kanisa	gereja	sodizin bá hooghan	so-di-zin bah hoo-ghan
market	Markt	marknad	markt	marché	mercado	mercado	mercato	рынок	rynek	αγορά	agorá	piac	tori	市场	시장	市场	chợ	街市	gaai1 si5	市场	tshi7-tiunn5	سوق	suq	बाज़ार	baazaar	margadh	mar-guh	marchnad	зах	pazar	بازار	bazar	ตลาด	tà-làat 	soko	pasar	naalyéhé	nahl-yay-hay
country	Land	land	land	pays	país	país	paese	страна	kraj	χώρα	chóra	ország	maa	国家	나라	国	quốc gia	国家	gwok3 gaa1	国家	kok4-ka1	بلد	balad	देश	desh	tír	teer	gwlad	улс	ülke	دۆلەت	dölet	ประเทศ	prà-thêet 	nchi	negara	kéyah	kay-yah
bank	Bank	bank	bank	banque	banco	banco	banca	банк	bank	τράπεζα	trápeza	bank	pankki	银行	은행	银行	ngân hàng	银行	ngan4 hong4	银行	gin5-hang5	بنك	bank	बैंक	bank	banc	bank	banc	банк	banka	بانكا	banka	ธนาคาร	thá-nāa-khāan 	benki	bank	béeso bá hooghan	bay-so bah hoo-ghan
coffee	Kaffee	kaffe	koffie	café	café	café	caffè	кофе	kawa	καφές	kafés	kávé	kahvi	咖啡	커피	コーヒー	cà phê	咖啡	gaa3 fe1	咖啡	ka1-pi1	قهوة	qahwa	कॉफ़ी	coffee	caifé	ka-fay	coffi	кофе	kahve	قەھۋە	qehwe	กาแฟ	kāa-fāe 	kahawa	kopi	gohwééh	go-hway
tea	Tee	te	thee	thé	té	chá	tè	чай	herbata	τσάι	tsái	tea	tee	茶	차	茶	trà	茶	caa4	茶	te5	شاي	shay	चाय	chaay	tae	tay	te	цай	çay	چاي	chay	ชา	chāa 	chai	teh	dééh	day
wine	Wein	vin	wijn	vin	vino	vinho	vino	вино	wino	κρασί	krasí	bor	viini	葡萄酒	와인	ワイン	rượu	酒	zau2	酒	tsiu2	نبيذ	nabiadh	शराब	sharaab	fíon	feen	gwin	дарс	şarap	شاراپ	sharap	ไวน์	wāi 	divai	anggur	chʼil naʼatłʼoʼii bitó	chil nah-at-lo-ee bee-toh
beer	Bier	öl	bier	bière	cerveza	cerveja	birra	пиво	piwo	μπύρα	býra	sör	olut	啤酒	맥주	ビール	bia	啤酒	be1 zau2	麦酒	beh8-tsiu2	بيرة	bira	बीयर	beer	beoir	byoh-ir	cwrw	шар айраг	bira	پىۋا	piwa	เบียร์	bīa 	bia	bir	biyah	bee-yah
juice	Saft	juice	sap	jus	zumo	suco	succo	сок	sok	χυμός	chymós	lé	mehu	果汁	주스	ジュース	nước ép	果汁	gwo2 zap1	果汁	koo2-tsap4	عصير	'asir	रस	ras	sú	soo	sudd	шүүс	meyve suyu	شەربەت	sherbet	น้ำผลไม้	náam phǒn-lá-māai 	juisi	jus	tsin bineestʼąʼ bitó	tsin bee-nayst-ahn bee-toh
water	Wasser	vatten	water	eau	agua	água	acqua	вода	woda	νερό	neró	víz	vesi	水	물	水	nước	水	seoi2	水	tsui2	ماء	ma'	पानी	paanee	uisce	ish-keh	dŵr	ус	su	سۇ	su	น้ำ	náam 	maji	air	tó	toh
milk	Milch	mjölk	melk	lait	leche	leite	latte	молоко	mleko	γάλα	gála	tej	maito	牛奶	우유	牛乳	sữa	牛奶	ngau4 naai5	牛奶	gu5-ni2	حليب	halib	दूध	doodh	bainne	bon-yeh	llaeth	сүү	süt	سۈت	süt	นม	nōm 	maziwa	susu	abeʼ	ah-bay
egg	Ei	ägg	ei	œuf	huevo	ovo	uovo	яйцо	jajko	αυγό	avgó	tojás	kananmuna	蛋	달걀	卵	trứng	蛋	daan2	卵	nn̄g7	بيضة	bayda	अंडा	anda	ubh	uv	ŵy	өндөг	yumurta	تۇخۇم	tuxum	ไข่	khài 	yai	telur	ayęęzhii	ah-yay-zhee
cheese	Käse	ost	kaas	fromage	queso	queijo	formaggio	сыр	ser	τυρί	tyrí	sajt	juusto	奶酪	치즈	チーズ	phô mai	芝士	zi1 si2	奶酪	nai7-lok8	جبن	jubn	पनीर	paneer	cáis	kawsh	caws	бяслаг	peynir	پىشلاق	pishlaq	ชีส	chíit 	jibini	keju	géeso	gay-so
bread	Brot	bröd	brood	pain	pan	pão	pane	хлеб	chleb	ψωμί	psomí	kenyér	leipä	面包	빵	パン	bánh mì	面包	min6 baau1	麭	phan1	خبز	khubz	रोटी / ब्रेड	rotee / bread	arán	ara-wn	bara	талх	ekmek	نان	nan	ขนมปัง	khà-nǒm pang 	mkate	roti	bááh	bah
soup	Suppe	soppa	soep	soupe	sopa	sopa	zuppa	суп	zupa	σούπα	soúpa	leves	keitto	汤	수프	スープ	súp	汤	tong1	汤	thng1	حساء	hasa'	सूप	soup	anraith	un-rah	cawl	шөл	çorba	شورپا	shorpa	ซุป	súp 	supu	sup	atoʼ	ah-toh
cake	Kuchen	tårta / kaka	taart	gâteau	pastel	bolo	torta	торт	ciasto	κέικ	kéik	sütemény	kakku	蛋糕	케이크	ケーキ	bánh ngọt	蛋糕	daan6 gou1	鸡卵糕	ke1-nn̄g7-ko1	كعكة	ka'ka	केक	cake	cáca	kaw-ka	cacen	бялуу	kek	تورت	tort	เค้ก	khéek 	keki	kue	bááh łikaní	bah tlee-kah-nee
chicken	Huhn	kyckling	kip	poulet	pollo	frango	pollo	курица	kurczak	κοτόπουλο	kotópoulo	csirke	kana	鸡	닭	鶏	gà	鸡	gai1	鸡	ke1	دجاج	dajaj	मुर्गा	murga	sicín	shik-een	cyw iâr	тахиа	tavuk	توخۇ	toxu	ไก่	kài 	kuku	ayam	naʼahóóhai	nah-ah-ho-high
pork	Schweinefleisch	fläskkött	varkensvlees	porc	cerdo	porco	maiale	свинина	wieprzowina	χοιρινό	choirinó	sertés	sianliha	猪肉	돼지고기	豚肉	thịt lợn	猪肉	zyu1 juk6	猪肉	ti1-bah4	لحم خنزير	lahm khinzir	सूअर का मांस	sooar ka maans	muiceoil	mwick-yo-il	cig moch	гахайн мах	domuz eti	چوشقا گۆشى	choshqa göshi	เนื้อหมู	núea mǔu 	nyama ya nguruwe	daging babi	bisóodi bitsįʼ	bee-so-dee bee-tseen
beef	Rindfleisch	nötkött	rundvlees	bœuf	ternera	carne bovina	manzo	говядина	wołowina	μοσχάρι	moschári	marha	nauta	牛肉	소고기	牛肉	thịt bò	牛肉	ngau4 juk6	牛肉	gu5-bah4	لحم بقر	lahm baqar	गोमांस	gomaans	mairteoil	mar-tyo-il	cig eidion	үхрийн мах	sığır eti	كالا گۆشى	kala göshi	เนื้อวัว	núea wua 	nyama ya ng'ombe	daging sapi	béégashii bitsįʼ	bay-gah-shee bee-tseen
apple	Apfel	äpple	appel	pomme	manzana	maçã	mela	яблоко	jabłko	μήλο	mílo	alma	omena	苹果	사과	リンゴ	táo	苹果	ping4 gwo2	苹果	pheng5-koo2	تفاحة	tuffaha	सेब	seb	úll	oo-ll	afal	алим	elma	ئالما	alma	แอปเปิ้ล	áep-pôen 	tofaa	apel	bilasáana	bee-lah-sah-nah
banana	Banane	banan	banaan	banane	plátano	banana	banana	банан	banan	μπανάνα	banána	banán	banaani	香蕉	바나나	バナナ	chuối	香蕉	hoeng1 ziu1	弓蕉	king1-tsio1	موزة	mawza	केला	kela	banana	banana	banana	гадил	muz	بانان	banan	กล้วย	klûai 	ndizi	pisang	hashkʼaan	hash-kahn
orange	Orange	apelsin	sinaasappel	orange	naranja	laranja	arancia	апельсин	pomarańcza	πορτοκάλι	portokáli	narancs	appelsiini	橙子	오렌지	オレンジ	cam	橙	caang2	柳丁	liu2-ting1	برتقالة	burtuqala	संतरा	santara	oráiste	or-awsh-tyeh	oren	жүрж	portakal	ئاپېلسىن	apélsin	ส้ม	sôm 	chungwa	jeruk	chʼil łitsooí	chil tlee-tsoo-ee
lemon	Zitrone	citron	citroen	citron	limón	limão	limone	лимон	cytryna	λεμόνι	lemóni	citrom	sitruuna	柠檬	레몬	レモン	chanh	柠檬	ning4 mung1	柠檬	le5-bang5	ليمون	laymun	नींबू	neemboo	líomóid	lee-mo-ij	lemwn	нимбэг	limon	لىمون	limon	มะนาว	má-nāao 	limau	lemon	chʼil łitsooí díkʼǫ́zhígíí	chil tlee-tsoo-ee dee-kon-zhee-gee
corn	Mais	majs	maïs	maïs	maíz	milho	mais	кукуруза	kukurydza	καλαμπόκι	kalampóki	kukorica	maissi	玉米	옥수수	豆	ngô	粟米	suk1 mai5	番麦	huan1-beh8	ذرة	dhura	मक्का	makka	arbhar	ar-war	ŷd	эрдэнэ шиш	mısır	كۆممىقوناق	kömmiqonaq	ข้าวโพด	khâao phôot 	mahindi	jagung	naadą́ą́ʼ	nah-dahn
rice	Reis	ris	rijst	riz	arroz	arroz	riso	рис	ryż	ρύζι	rýzi	rizs	riisi	米饭	밥	ご饭	cơm	饭	faan6	饭	pn̄g7	أرز	aruzz	चावल	chaaval	rís	reesh	reis	тутарга	pirinç	گۈرۈچ	gürüch	ข้าว	khâao 	mchele	nasi / beras	alóós	ah-lohs
oil	Öl	olja	olie	huile	aceite	óleo	olio	масло	olej	λάδι	ládi	olaj	öljy	油	기름	油	dầu	油	jau4	油	iu5	زيت	zayt	तेल	tel	ola	ulla	olew	тос	yağ	ماي	may	น้ำมัน	náam mān 	mafuta	minyak	akʼah	ah-kah
seed	Samen	frö	zaad	graine	semilla	semente	seme	семя	nasiono	σπόρος	spóros	mag	siemen	种子	씨앗	种子	hạt	种子	zung2 zi2	种子	tsíng2-tsí2	بذرة	bidhra	बीज	beej	síol	shee-ul	had	үр	tohum	ئۇرۇق	uruq	เมล็ด	má-lèt 	mbegu	biji	kʼeelchí	kayl-chee
sugar	Zucker	socker	suiker	sucre	azúcar	açúcar	zucchero	сахар	cukier	ζάχαρη	záchari	cukor	sokeri	糖	설탕	砂糖	đường	糖	tong4	糖	thng5	سكر	sukkar	चीनी	cheenee	siúcra	shoo-krah	siwgr	элсэн чихэр	şeker	قەنت	qent	น้ำตาล	náam tāan 	sukari	gula	áshįįh łikan	ah-sheen tlee-kahn
salt	Salz	salt	zout	sel	sal	sal	sale	соль	sól	αλάτι	aláti	só	suola	盐	소금	塩	muối	盐	jim4	盐	iam5	ملح	milh	नमक	namak	salann	sal-un	halen	давс	tuz	تۇز	tuz	เกลือ	klūea 	chumvi	garam	áshįįh	ah-sheen
knife	Messer	kniv	mes	couteau	cuchillo	faca	coltello	нож	nóż	μαχαίρι	machaíri	kés	veitsi	刀	칼	刀	dao	刀	dou1	刀	to1	سكين	sikkin	चाकू	chaakoo	scian	shkeen	cyllell	хутга	bıçak	پىچاق	pichaq	มีด	mîit 	kisu	pisau	béésh	baysh
spoon	Löffel	sked	lepel	cuillère	cuchara	colher	cucchiaio	ложка	łyżka	κουτάλι	koutáli	kanál	lusikka	勺子	숟가락	スプーン	thìa	羹	gang1	汤匙	thng1-si5	ملعقة	mil'aqa	चम्मच	chammach	spúnóg	spoon-og	llwy	халбага	kaşık	قوشۇق	qoshuq	ช้อน	cháwn 	kijiko	sendok	adeeʼ	ah-dee
fork	Gabel	gaffel	vork	fourchette	tenedor	garfo	forchetta	вилка	widelec	πιρούνι	piroúni	villa	haarukka	叉子	포크	フォーク	nĩa	叉	caa1	叉仔	tshie1-a2	شوكة	shawka	कांटा	kaanta	forc	furk	fforc	сэрээ	çatal	شورپا	shorpa	ส้อม	sâwm 	uma	garpu	bílaʼ dį́įʼii	bee-lah deen-ee
plate	Teller	tallrik	bord	assiette	plato	prato	piatto	тарелка	talerz	πιάτο	piáto	tányér	lautanen	盘子	접시	皿	đĩa	碟	dip6	盘仔	puann5-a2	صحن	sahn	थाली	thaalee	pláta	plaw-tah	plât	таваг	tabak	تەخسە	texse	จาน	chāan 	sahani	piring	łeetsʼaaʼ	tlee-tsah
cup	Tasse	kopp	kopje	tasse	taza	xícara	tazza	чашка	kubek	φλιτζάνι	flitzáni	csésze	kuppi	杯子	컵	カップ	cốc	杯	bui1	杯仔	pue1-a2	كوب	kub	कप	kap	cupán	kupp-awn	cwpan	аяга	fincan	ئىستاكان	istakan	ถ้วย	thûai 	kikombe	cangkir	bąąh ádį́hí	bah ah-deen-hee
table	Tisch	bord	tafel	table	mesa	mesa	tavolo	стол	stół	τραπέζι	trapézi	asztal	pöytä	桌子	탁자	机	bàn	枱	toi2	桌仔	toh4-a2	طاولة	tawila	मेज़	mez	tábla	taw-blah	bwrdd	ширээ	masa	ئۈستەل	üstel	โต๊ะ	tó 	meza	meja	bikááʼadání	bee-kah-ah-dah-nee
chair	Stuhl	stol	stoel	chaise	silla	cadeira	sedia	стул	krzesło	καρέκλα	karékla	szék	tuoli	椅子	의자	椅子	ghế	凳	dang3	椅仔	i2-a2	كرسي	kursi	कुर्सी	kursee	cathaoir	ka-heer	cadair	сандал	sandalye	ئورۇندۇق	orunduq	เก้าอี้	kâo-îi 	kiti	kursi	bikááʼdahʼasdáhí	bee-kah-dah-as-dah-hee
bed	Bett	säng	bed	lit	cama	cama	letto	кровать	łóżko	κρεβάτι	kreváti	ágy	sänky	床	침대	床	giường	床	cong4	床	bng5	سرير	sarir	बिस्तर	bistar	leaba	lyabba	gwely	ор	yatak	كارىۋات	kariwat	เตียง	tīang 	kitanda	tempat tidur	tsáskʼeh	tsahs-keh
window	Fenster	fönster	raam	fenêtre	ventana	janela	finestra	окно	okno	παράθυρο	paráthyro	ablak	ikkuna	窗户	창문	窓	cửa sổ	窗	coeng1	窗	thang1	نافذة	nafidha	खिड़की	khidkee	fuinneog	fwin-yog	ffenestr	цонх	pencere	دېرىزە	dérize	หน้าต่าง	nâa tàang 	dirisha	jendela	tsésǫʼ	tsay-son
door	Tür	dörr	deur	porte	puerta	porta	porta	дверь	drzwi	πόρτα	pórta	ajtó	ovi	门	문	ドア	cửa	门	mun4	门	mng5	باب	bab	दरवाज़ा	darvaaza	doras	dur-us	drws	хаалга	kapı	ئىشىك	ishik	ประตู	prà-tūu 	mlango	pintu	dáádílkał	dah-deel-kalth
bedroom	Schlafzimmer	sovrum	slaapkamer	chambre	dormitorio	quarto	camera	спальня	sypialnia	υπνοδωμάτιο	ypnodomátio	hálószoba	makuuhuone	卧室	침실	寝室	phòng ngủ	睡房	seoi6 fong2	眠床间	bin5-bng5-king1	غرفة نوم	ghurfat nawm	सोने का कमरा	sone ka kamra	seomra codlata	shyum-ra kodd-lata	llofft	унтлагын өрөө	yatak odası	ياتاق ئۆي	yataq öy	ห้องนอน	hông nawn 	chumba cha kulala	kamar tidur	góneʼ iłhoshígíí	go-nay eel-hosh-ee-gee
kitchen	Küche	kök	keuken	cuisine	cocina	cozinha	cucina	кухня	kuchnia	κουζίνα	kouzína	konyha	keittiö	厨房	주방	台所	nhà bếp	厨房	cyu4 fong2	灶脚	tsau3-kha1	مطبخ	matbakh	रसोई	rasoee	cistin	kish-tin	cegin	гал тогоо	mutfak	ئاشخانا	ashxana	ห้องครัว	hông khrua 	jiko	dapur	chʼiyáán álʼį́į́ góneʼ	ch-yah-ahn ahl-ee go-nay
bathroom	Badezimmer	badrum	badkamer	salle de bain	baño	banheiro	bagno	ванная	łazienka	μπάνιο	bánio	fürdőszoba	kylpyhuone	浴室	욕실	浴室	nhà vệ sinh	洗手间	sai2 sau2 gaan1	浴间	ik8-king1	حمام	hammam	स्नानघर	snaanaghar	seomra folctha	shyum-ra fulk-ha	ystafell ymolchi	угаалгын өрөө	banyo	ھاجەتخانا	hajetxana	ห้องน้ำ	hông náam 	bafuni	kamar mandi	chąąʼ bá hooghan	chahn bah hoo-ghan
soap	Seife	tvål	zeep	savon	jabón	sabão	sapone	мыло	mydło	σαπούνι	sapoúni	szappan	saippua	肥皂	비누	石鹸	xà phòng	碱液	gaan2 jek6	撇石	phiat8-tsioh8	صابون	sabun	साबुन	saabun	gallúnach	gall-oon-akh	sebon	саван	sabun	سوپۇن	sopun	สบู่	sà-bùu 	sabuni	sabun	tálághosh	tah-lah-ghosh
book	Buch	bok	boek	livre	libro	livro	libro	книга	książka	βιβλίο	vivlío	könyv	kirja	书	책	本	sách	书	syu1	书	tsu1	كتاب	kitab	किताब	kitaab	leabhar	lyow-er	llyfr	ном	kitap	كىتاب	kitab	หนังสือ	nǎng-sǔue 	kitabu	buku	naaltsoos	nahl-tsohs
key	Schlüssel	nyckel	sleutel	clé	llave	chave	chiave	ключ	klucz	κλειδί	kleidí	kulcs	avain	钥匙	열쇠	键	chìa khóa	匙羹	si4 gang1	锁匙	soo2-si5	مفتاح	miftah	चाबी	chaabee	eochair	ukh-ir	allwedd / goriad	түлхүүр	anahtar	ئاچقۇچ	achquch	กุญแจ	kun-chāe 	ufunguo	kunci	bee ąą ádaʼdoolníłí	bay ah-ah ah-dah-dool-nee-lee
wall	Wand	vägg	muur	mur	pared	parede	muro	стена	ściana	τοίχος	toíchos	fal	seinä	墙	벽	壁	tường	墙	coeng4	墙	tshinn5	جدار	jidar	दीवार	deevaar	balla	balla	wal	хана	duvar	تام	tam	ผนัง	phà-nǎng 	ukuta	dinding	bináʼázʼá	bee-nah-az-ah
paper	Papier	papper	papier	papier	papel	papel	carta	бумага	papier	χαρτί	chartí	papír	paperi	纸	종이	纸	giấy	纸	zi2	纸	tsua2	ورق	waraq	कागज़	kaagaz	páipéar	paw-pyay-ur	papur	цаас	kağıt	قەغەز	qeghez	กระดาษ	krà-dàat 	karatasi	kertas	naaltsoos	nahl-tsohs
floor	Boden	golv	vloer	sol	suelo	chão	pavimento	пол	podłoga	πάτωμα	pátoma	padló	lattia	地板	바닥	床	sàn nhà	地板	dei6 baan2	土脚	thoo5-kha1	أرضية	ardiya	फ़र्श	farsh	urlár	oor-lawr	llawr	шал	yer / zemin	پول	pol	พื้น	phúen 	sakafu	lantai	łeezh	tlee-zh
ceiling	Decke	tak	plafond	plafond	techo	teto	soffitto	потолок	sufit	ταβάνι	taváni	mennyezet	katto	天花板	천장	天井	trần nhà	天花板	tin1 faa1 baan2	天蓬	thian1-phong5	سقف	saqf	छत	chhat	síleáil	sheel-aw-il	nenfwd	тааз	tavan	تورۇس	torus	เพดาน	phēe-dāan 	dari	langit-langit	yá	yah
roof	Dach	tak (yttertak)	dak	toit	tejado	telhado	tetto	крыша	dach	στέγη	stégi	tető	katto	屋顶	지붕	屋根	mái nhà	屋顶	ok1 ding2	屋顶	ok4-teng2	سطح	sath	छत	chhat	díon	jee-un	to	дээвэр	çatı	ئۆگزە	ögze	หลังคา	lǎng-khāa 	paa	atap	hooghan bikááʼ	hoo-ghan bee-kah
lock	Schloss	nyckel	slot	serrure	cerradura	fechadura	serratura	замок	zamek	κλειδαριά	kleidariá	zár	lukko	锁	자물쇠	锁	khóa	锁	so2	锁	soo2	قفل	qufl	ताला	taala	glas	gloss	clo	цоож	kilit	قۇلۇپ	qulup	โทรศัพท์	thō-rá-sàp 	kufuli	kunci (gembok)	bee dáʼádíníbalí	bay dah-ah-dee-nee-bah-lee
telephone	Telefon	telefon	telefoon	téléphone	teléfono	telefone	telefono	телефон	telefon	τηλέφωνο	tiléfono	telefon	puhelin	电话	전화	电话	điện thoại	电话	din6 waa2	电话	tian7-ue7	هاتف	hatif	टेलीफ़ोन	telephone	teileafón	tel-a-fone	ffôn	утас	telefon	تېلېفون	téléfon	รถไฟ	rót fāi 	simu	telepon	béésh biiʼ haneʼé	baysh bee hah-nay-ay
train	Zug	tåg	trein	train	tren	trem	treno	поезд	pociąg	τρένο	tréno	vonat	juna	火车	기차	烈车	tàu hỏa	火车	fo2 ce1	火车	hue2-tshia1	قطار	qitar	रेलगाड़ी	relgaadee	traein	tray-in	trên	галт тэрэг	tren	پويىز	poyiz	เครื่องบิน	khrûeang bīn 	treni	kereta api	kǫʼ naʼałbąąsii	kon nah-ahl-bahn-see
airplane	Flugzeug	flygplan	vliegtuig	avion	avión	avião	aereo	самолёт	samolot	αεροπλάνο	aeropláno	repülőgép	lentokone	飞机	비행기	飞行机	máy bay	飞机	fei1 gei1	飞行机	hue1-ling5-ki1	طائرة	ta'ira	हवाई जहाज़	havaee jahaaz	eitleán	et-lyawn	awyren	нисэх онгоц	uçak	ئايروپىلان	ayropilan	รถยนต์	rót yōn 	ndege	pesawat	chidí naatʼaʼí	chi-dee nah-tah-ee
car	Auto	bil	auto	voiture	coche	carro	auto	машина	samochód	αυτοκίνητο	aftokínito	autó	auto	汽车	자동차	自动车	ô tô	车	ce1	汽车	khi3-tshia1	سيارة	sayyara	कार	car	carr	kar	car	машин	araba	ماشىنا	mashina	รถบรรทุก	rót bān-thúk 	gari	mobil	chidí	chi-dee
truck	LKW	lastbil	vrachtwagen	camion	camión	caminhão	camion	грузовик	ciężarówka	φορτηγό	fortigó	teherautó	kuorma-auto	卡车	트럭	トラック	xe tải	货车	fo3 ce1	卡车	kha1-tshia1	شاحنة	shahina	ट्रक	truck	trucail	truk-il	lori	ачааны машин	kamyon	يۈك ماشىنىسى	yük mashinisi	จักรยาน	chàk-krà-yāan 	lori	truk	chidí tsoh	chi-dee tsoh
bicycle	Fahrrad	cykel	fiets	vélo	bicicleta	bicicleta	bicicletta	велосипед	rower	ποδήλατο	podílato	kerékpár	polkupyörä	自行车	자전거	自転车	xe đạp	单车	daan1 ce1	自行车	tsu7-hing5-tshia1	دراجة	darraja	साइकिल	saikil	rothar	ruh-har	beic	унадаг дугуй	bisiklet	ۋېلىسىپىت	wélisipit	รถเมล์	rót mēe 	baiskeli	sepeda	dziʼizí	dzee-ee-zee
bus	Bus	buss	bus	bus	autobús	ônibus	autobus	автобус	autobus	λεωφορείο	leoforeío	busz	bussi	公共汽车	버스	バス	xe buýt	巴士	baa1 si2	巴士	pa1-su7	حافلة	hafila	बस	bus	bus	buss	bws	автобус	otobüs	ئاپتوبۇس	aptobus	เรือ	rūea 	basi	bus	chidí diné bee naatʼaʼí	chi-dee di-nay bay nah-tah-ee
boat	Boot	båt	boot	bateau	barco	barco	barca	лодка	łódź	βάρκα	várka	hajó	vene	船	배	船	thuyền	船	syun4	船	tsun5	قارب	qarib	नाव	naav	bád	bawd	cwch	завь	tekne	كېمە	kéme	ตั๋ว	tǔa 	boti	perahu	tsin naaʼeełí	tsin nah-ay-lee
ticket	Ticket	biljett	ticket	billet	billete	bilhete	biglietto	билет	bilet	εισιτήριο	eisitírio	jegy	lippu	票	표	切符	vé	飞	fei1	票	phio3	تذكرة	tadhkira	टिकट	ticket	ticéad	tick-ay-ud	tocyn	тасалбар	bilet	بىلەت	bilet	นาฬิกา	nāa-lí-kāa 	tiketi	tiket	naaltsoos	nahl-tsohs
clock	Uhr	klocka	klok	horloge	reloj	relógio	orologio	часы	zegar	ρολόι	rolói	óra	kello	时钟	시계	时计	đồng hồ	钟	zung1	钟	tsiong1	ساعة	sa'a	घड़ी	ghadee	clog	klug	cloc	цаг	saat	سائەت	sa'et	โคมไฟ	khōom fāi 	saa	jam	oolkiłí	ool-kil-ee
lamp	Lampe	lampa	lamp	lampe	lámpara	lâmpada	lampada	лампа	lampa	λάμπα	lámpa	lámpa	lamppu	灯	램프	ランプ	đèn	灯	dang1	灯	ting1	مصباح	misbah	चिराग	chiraag	lampa	lampa	lamp	дэнлүү	lamba	چىراغ	chiragh	พัดลม	phát lōm 	taa	lampu	akʼah kǫʼí	ah-kah kon-ee
mobile phone	Handy	mobil	mobiel	portable	móvil	celular	cellulare	мобильный	komórka	κινητό	kinitó	mobil	kännykkä	手机	휴대폰	携带电话	điện thoại di động	手机	sau2 gei1	手机	tshiu2-ki1	جوال	jawwal	मोबाइल	mobile	fón póca	fone po-ka	ffôn symudol	гар утас	cep telefonu	يانفۇن	yanfun	อินเทอร์เน็ต	in-thoer-nèt 	simu ya mkononi	ponsel	béésh biiʼ haneʼé	baysh bee hah-nay-ay
internet	Internet	internet	internet	internet	internet	internet	internet	интернет	internet	διαδίκτυο	diadíktyo	internet	internet	互联网	인터넷	インターネット	internet	互联网	wu6 lyun4 mong5	网路	bang7-loo7	إنترنت	intirnit	इंटरनेट	internet	idirlíon	ij-ir-lyoon	rhyngrwyd	интернет	internet	ئىنتېرنېت	intérnét	คอมพิวเตอร์	khǎm-phiu-tôer 	mtandao	internet	internet	in-ter-net
computer	Computer	dator	computer	ordinateur	ordenador	computador	computer	компьютер	komputer	υπολογιστής	ypologistís	számítógép	tietokone	电脑	컴퓨터	コンピュータ	máy tính	电脑	din6 nou5	电脑	tian7-nau2	كمبيوتر	kambiyutar	कंप्यूटर	computer	ríomhaire	reev-ir-ah	cyfrifiadur	компьютер	bilgisayar	كومپيۇتېر	kompyutér	โน้ตบุ๊ก	nōot-búk 	kompyuta	komputer	béésh tʼą́hí	baysh tah-hee
laptop	Laptop	bärbar dator	laptop	ordinateur portable	portátil	laptop	laptop	ноутбук	laptop	φορητός	foritós	laptop	läppäri	笔记本电脑	노트북	ノートパソコン	máy tính xách tay	手提电脑	sau2 tai4 din6 nou5	笔记电脑	pit4-ki7-tian7-nau2	لابتوب	labtub	लैपटॉप	laptop	ríomhaire glúine	reev-ir-ah gloon-yeh	gliniadur	зөөврийн компьютер	dizüstü bilgisayar	نوتبۇك	notbuk	หน้าจอ	nâa chāw 	kipakatalishi	laptop	béésh tʼą́hí	baysh tah-hee
screen	Bildschirm	skärm	scherm	écran	pantalla	tela	schermo	экран	ekran	οθόνη	othóni	képernyő	näyttö	屏幕	화면	画面	màn hình	屏幕	ping4 mok6	屏幕	ping5-boo7	شاشة	shasha	स्क्रीन	screen	scáileán	skaw-lyawn	sgrin	дэлгэц	ekran	ئېكران	ékran	กล้อง	klâwng 	skrini	layar	binááʼ áłtsʼíísí	bee-nah ahl-tsee-see
camera	Kamera	kamera	camera	appareil photo	cámara	câmera	telecamera	камера	aparat	κάμερα	kámera	kamera	kamera	照相机	카메라	カメラ	máy ảnh	相机	soeng2 gei1	照相机	tsiau3-siong7-ki1	كاميرا	kamira	कैमरा	camera	ceamara	kyamma-ra	camera	камер	kamera	كامېرا	kamera	โทรทัศน์	thō-rá-thát 	kamera	kamera	beeʼelkidí	bay-el-ki-dee
television	Fernseher	tv	televisie	télévision	televisión	televisão	televisione	телевизор	telewizor	τηλεόραση	tileórasi	televízió	televisio	电视	텔레비전	テレビ	truyền hình	电视	din6 si6	电视	tian7-si7	تلفزيون	tilifizyun	टीवी	TV	teilifís	tel-a-feesh	teledu	зурагт	televizyon	تېلېۋىزور	téléwizor	วิทยุ	wít-thá-yú 	televisheni	televisi	nidaʼalkidí	ni-dah-al-ki-dee
radio	Radio	radio	radio	radio	radio	rádio	radio	радио	radio	ραδιόφωνο	radiófono	rádió	radio	收音机	라디오	ラジオ	đài phát thanh	收音机	sau1 jam1 gei1	收音机	siu1-im1-ki1	راديو	radiyu	रेडियो	radio	raidió	raj-ee-o	radio	радио	radyo	رادىئو	radi'o	ทะเล	thá-lēe 	redio	radio	béésh biiʼ haneʼé	baysh bee hah-nay-ay
sea	Meer	hav	zee	mer	mar	mar	mare	море	morze	θάλασσα	thálassa	tenger	meri	海	바다	海	biển	海	hoi2	海	hai2	بحر	bahr	समुद्र	samudr	farraige	far-i-geh	môr	далай	deniz	دېڭىز	déngiz	มหาสมุทร	má-hǎa sà-mùt 	bahari	laut	tónteel	ton-teel
ocean	Ozean	ocean	oceaan	océan	océano	oceano	oceano	океан	ocean	ωκεανός	okeanós	óceán	valtameri	海洋	대양	大洋	đại dương	海洋	hoi2 joeng4	海洋	hai2-iunn5	محيط	muhit	महासागर	mahaasaagar	aigéan	ag-ayn	cefnfor	далай	okyanus	ئوكيان	okyan	แม่น้ำ	mâe náam 	bahari kuu	samudra	tónteel tsoh	ton-teel tsoh
river	Fluss	flod	rivier	rivière	río	rio	fiume	река	rzeka	ποτάμι	potámi	folyó	joki	河	강	川	sông	河	ho4	河	ho5	نهر	nahr	नदी	nadee	abhainn	ow-in	afon	гол	nehir	دەريا	derya	ภูเขา	phūu khǎo 	mto	sungai	tooh	tooh
mountain	Berg	berg	berg	montagne	montaña	montanha	montagna	гора	góra	βουνό	vounó	hegy	vuori	山	산	山	núi	山	saan1	山	suann1	جبل	jabal	पहाड़	pahaad	sliabh	shlee-uv	mynydd	уул	dağ	تاغ	tagh	ฝน	fǒn 	mlima	gunung	dził	dzilth
rain	Regen	regn	regen	pluie	lluvia	chuva	pioggia	дождь	deszcz	βροχή	vrochí	eső	sade	雨	비	雨	mưa	雨	jyu5	雨	hoo7	مطر	matar	बारिश	baarish	báisteach	bawsh-tyukh	glaw	бороо	yağmur	يامغۇر	yamghur	หิมะ	hì-má 	mvua	hujan	nahałtin	nah-hahl-tin
snow	Schnee	snö	sneeuw	neige	nieve	neve	neve	снег	śnieg	χιόνι	chióni	hó	lumi	雪	눈	雪	tuyết	雪	syut3	雪	seh4	ثلج	thalj	बर्फ	barf	sneachta	shnakh-tah	eira	цас	kar	قار	qar	ต้นไม้	tôn māi 	theluji	salju	yas	yahs
tree	Baum	träd	boom	arbre	árbol	árvore	albero	дерево	drzewo	δέντρο	déntro	fa	puu	树	나무	木	cây	树	syu6	树	tshiu7	شجرة	shajara	पेड़	ped	crann	krown	coeden	мод	ağaç	دەرەخ	derex	ดวงอาทิตย์	dūang āa-thít 	mti	pohon	tsin	tsin
sun	Sonne	sol	zon	soleil	sol	sol	sole	солнце	słońce	ήλιος	ílios	nap	aurinko	太阳	태양	太阳	mặt trời	太阳	taai3 joeng4	太阳	thai7-iong5	شمس	shams	सूरज	sooraj	grian	gree-un	haul	нар	güneş	قۇياش	quyash	ดวงจันทร์	dūang chān 	jua	matahari	jóhonaaʼéí	jo-ho-nah-ay
moon	Mond	måne	maan	lune	luna	lua	luna	луна	księżyc	φεγγάρι	feggári	hold	kuu	月亮	달	月	mặt trăng	月亮	jyut6 loeng6	月娘	gueh8-niu5	قمر	qamar	चाँद	chaand	gealach	gyal-akh	lloer / lleuad	сар	ay	ئاي	ay	โลก	lôok 	mwezi	bulan	ooljééʼ	ool-jay
world	Welt	jord	aarde	monde	mundo	mundo	mondo	мир	świat	κόσμος	kósmos	világ	maailma	世界	세계	世界	thế giới	世界	sai3 gaai3	世界	se7-kai3	عالم	'alam	दुनिया	duniya	domhan	down	byd	ертөнц	dünya	دۇنيا	duniya	ป่า	pàa 	ulimwengu	dunia	nahasdzáán	nah-has-dzahn
earth	Erde	värld	wereld	terre	tierra	terra	terra	земля	ziemia	γη	gi	föld	maa	地球	지구	地球	trái đất	地球	dei6 kau4	地球	te7-kiu5	أرض	ard	पृथ्वी	prthvee	domhan	down	daear	дэлхий	yeryüzü	يەر شارى	yer shari	ท้องฟ้า	tháwng fáa 	dunia	bumi	niʼ	nee
forest	Wald	skog	bos	forêt	bosque	floresta	foresta	лес	las	δάσος	dásos	erdő	metsä	森林	숲	森林	rừng	森林	sam1 lam4	森林	sim1-lim5	غابة	ghaba	जंगल	jangal	foraois	fur-eesh	fforest	ой мод	orman	ئورمان	orman	พืช	phûet 	msitu	hutan	tsintah	tsin-tah
sky	Himmel	himmel	hemel	ciel	cielo	céu	cielo	небо	niebo	ουρανός	ouranós	ég	taivas	天空	하늘	空	bầu trời	天	tin1	天	thian1	سماء	sama'	आकाश	aakaash	spéir	spay-ir	awyr	тэнгэр	gökyüzü	ئاسمان	asman	ลม	lōm 	mbingu	langit	yádiłhił	yah-dilth-hilth
plant	Pflanze	växt	plant	plante	planta	planta	pianta	растение	roślina	φυτό	fytó	növény	kasvi	植物	식물	植物	thực vật	植物	zik6 mat6	植物	tsit8-but8	نبات	nabat	पौधा	paudha	planda	planda	planhigyn	ургамал	bitki	ئۆسۈملۈك	ösümlük	ดิน	dīn 	mmea	tanaman	chʼil	chil
wind	Wind	vind	wind	vent	viento	vento	vento	ветер	wiatr	άνεμος	ánemos	szél	tuuli	风	바람	风	gió	风	fung1	风	hong1	ريح	rih	हवा	hava	gaoth	gwee	gwynt	салхи	rüzgar	شامال	shamal	ดอกไม้	dǎok māi 	upepo	angin	níyol	nee-yol
soil	Boden	jord / mark	grond	sol	suelo	solo	suolo	почва	gleba	έδαφος	édafos	talaj	maaperä	土壤	흙	土	đất	泥	nei4	土	thoo5	تربة	turba	मिट्टी	mittee	ithir	ih-hir	pridd	хөрс	toprak	تۇپراق	tupraq	หุบเขา	hùp khǎo 	udongo	tanah	łeezh	tlee-zh
flower	Blume	blomma	bloem	fleur	flor	flor	fiore	цветок	kwiat	λουλούδι	louloúdi	virág	kukka	花	꽃	花	hoa	花	faa1	花	hue1	زهرة	zahra	फूल	phool	bláth	blaw	blodyn	цэцэг	çiçek	گۈل	gül	ทะเลสาบ	thá-lēe sàap 	ua	bunga	chʼil látah hózhóón	chil lah-tah ho-zhohn
valley	Tal	dal	dal	vallée	valle	vale	valle	долина	dolina	κοιλάδα	koiláda	völgy	laakso	山谷	계곡	谷	thung lũng	山谷	saan1 guk1	山谷	san1-kok4	واد	wadin	घाटी	ghaatee	gleann	glyown	dyffryn	хөндий	vadi	جىلغا	jilgha	ดาว	dāao 	bonde	lembah	tééh	tay
lake	See	sjö	meer	lac	lago	lago	lago	озеро	jezioro	λίμνη	límni	tó	järvi	湖	호수	湖	hồ	湖	wu4	湖	oo5	بحيرة	buhayra	झील	jheel	loch	lukh	llyn	нуур	göl	كۆل	köl	หญ้า	yâa 	ziwa	danau	beʼekʼid	beh-ay-kid
star	Stern	stjärna	ster	étoile	estrella	estrela	stella	звезда	gwiazda	αστέρι	astéri	csillag	tähti	星星	별	星	ngôi sao	星	sing1	星	tshinn1	نجمة	najma	तारा	taara	réalt	ray-ult	seren	од	yıldız	يۇلتۇز	yultuz	ใบไม้	bāi māi 	nyota	bintang	sǫʼ	son
grass	Gras	gräs	gras	herbe	hierba	grama	erba	трава	trawa	γρασίδι	grasídi	fű	ruoho	草	풀	草	cỏ	草	cou2	草	tshau2	عشب	'ushb	घास	ghaas	féar	fay-ur	glaswellt	өвс	çimen	ئوت	ot	ทราย	sāai 	nyasi	rumput	tłʼoh	tloh
leaf	Blatt	löv	blad	feuille	hoja	folha	foglia	лист	liść	φύλλο	fýllo	levél	lehti	叶子	잎	葉	lá	叶	jip6	叶	hioh8	ورقة	waraqa	पत्ती	pattee	duilleog	jill-yog	deilen	навч	yaprak	يوپۇرماق	yupurmaq	ชายหาด	chāai hàat 	jani	daun	bitʼąąʼ	bee-tahn
sand	Sand	sand	zand	sable	arena	areia	sabbia	песок	piasek	άμμος	ámmos	homok	hiekka	沙	모래	砂	cát	沙	saa1	沙	suaa1	رمل	raml	रेत	ret	gaineamh	gan-uv	tywod	элс	kum	قۇم	qum	คลื่น	khlûen 	mchanga	pasir	séeʼ	say
beach	Strand	strand	strand	plage	playa	praia	spiaggia	пляж	plaża	παραλία	paralía	strand	ranta	海滩	해변	砂浜	bãi biển	沙滩	saa1 taan1	海岸	hai2-huann7	شاطئ	shati'	समुद्र तट	samudr tat	trá	traw	traeth	далайн эрэг	plaj	ساھىل	sahil	ไฟ	fāi 	ufukoni	pantai	tábąąh	tah-bahn
wave	Welle	våg	golf	vague	ola	onda	onda	волна	fala	κύμα	kýma	hullám	aalto	浪	파도	波	sóng	浪	long6	涌	ing2	موجة	mawja	लहर	lahar	tonn	tunn	ton	давалгаа	dalga	دولقۇن	dolqun	น้ำแข็ง	náam khǎeng 	wimbi	gelombang	tónteel bitsʼą́ą́	ton-teel bee-tsahn
fire	Feuer	eld	vuur	feu	fuego	fogo	fuoco	огонь	ogień	φωτιά	fotiá	tűz	tuli	火	불	火	lửa	火	fo2	火	hue2	نار	nar	आग	aag	tine	tin-eh	tân	гал	ateş	ئوت	ot	เกาะ	kàw 	moto	api	kǫʼ	kon
ice	Eis	is	ijs	glace	hielo	gelo	ghiaccio	лёд	lód	πάγος	págos	jég	jää	冰	얼음	氷	đá	冰	bing1	冰	ping1	ثلج	thalj	बर्फ	barf	oighear	eye-er	iâ	мөс	buz	مۇز	muz	แก้ว	kâeo 	barafu	es	tin	teen
island	Insel	ö	eiland	île	isla	ilha	isola	остров	wyspa	νησί	nisí	sziget	saari	岛	섬	岛	đảo	岛	dou2	岛	too2	جزيرة	jazira	द्वीप	dveep	oileán	il-awn	ynys	арал	ada	ئارال	aral	โลหะ	lōo-hà 	kisiwa	pulau	kéyah tó bił naatʼaʼí	kay-yah toh bilth nah-tah-ee
glass	Glas	glas	glas	verre	vidrio	vidro	vetro	стекло	szkło	γυαλί	gyalí	üveg	lasi	玻璃	유리	ガラス	thủy tinh	玻璃	bo1 lei1	玻璃	po1-le5	زجاج	zujaj	काँच	kaanch	gloine	glinn-yeh	gwydr	шил	cam	ئەينەك	eynek	พลาสติก	phláas-tìk 	kioo	kaca	tsésǫʼ	tsay-son
metal	Metall	metall	metaal	métal	metal	metal	metallo	металл	metal	μέταλλο	métallo	fém	metalli	金属	금속	金属	kim loại	金属	gam1 suk6	金属	kim1-siok8	معدن	ma'dan	धातु	dhaatu	miotal	mitti-al	metal	металл	metal	مېتال	métal	ไม้	mái 	metali	logam	béésh	baysh
plastic	Kunststoff	plast	plastic	plastique	plástico	plástico	plastica	пластик	plastik	πλαστικό	plastikó	műanyag	muovi	塑料	플라스틱	プラスチック	nhựa	胶	gaau1	塑胶	soo2-ka1	بلاستيك	blastik	प्लास्टिक	plaastik	plaisteach	plash-tyukh	plastig	хуванцар	plastik	پلاستىك	plastik	หิน	hǐn 	plastiki	plastik	plastic	plas-tik
wood	Holz	trä	hout	bois	madera	madeira	legno	дерево	drewno	ξύλο	xýlo	fa	puu	木头	나무	木	gỗ	木	muk6	木	tshia5	خشب	khashab	लकड़ी	lakdee	adhmad	eye-mud	pren	мод	odun / tahta	ياغاچ	yaghach	เพชร	phét 	mbao	kayu	tsin	tsin
stone	Stein	sten	steen	pierre	piedra	pedra	pietra	камень	kamień	πέτρα	pétra	kő	kivi	石头	돌	石	đá	石头	sek6 tau4	石头	tsioh8-thau5	حجر	hajar	पत्थर	patthar	cloch	klukh	carreg	чулуу	taş	تاش	tash	ทอง	thāwng 	jiwe	batu	tsé	tsay
diamond	Diamant	diamant	diamant	diamant	diamante	diamante	diamante	алмаз	diament	διαμάντι	diamánti	gyémánt	timantti	钻石	다이아몬드	ダイヤモンド	kim cương	钻石	zyun3 sek6	钻石	tsuan3-tsioh8	ألماس	almas	हीरा	heera	diamant	jee-am-ant	diemwnt	алмаз	elmas	ئالماس	almas	เงิน	ngōen 	almasi	berlian	tsé łikaní	tsay tlee-kah-nee
gold	Gold	guld	goud	or	oro	ouro	oro	золото	złoto	χρυσός	chrysós	arany	kulta	金	금	金	vàng	金	gam1	金	kim1	ذهب	dhahab	सोना	sona	ór	or	aur	алт	altın	ئالتۇن	altun	สุนัข	sù-nák 	dhahabu	emas	óola	oh-lah
silver	Silber	silver	zilver	argent	plata	prata	argento	серебро	srebro	ασήμι	asími	ezüst	hopea	银	은	银	bạc	银	ngan4	银	gin5	فضة	fidda	चाँदी	chaandee	airgead	ar-ig-ud	arian	мөнгө	gümüş	كۈمۈش	kümüsh	แมว	māeo 	fedha	perak	béésh łigai	baysh tlee-guy
dog	Hund	hund	hond	chien	perro	cachorro	cane	собака	pies	σκύλος	skýlos	kutya	koira	狗	개	犬	chó	狗	gau2	狗	kau2	كلب	kalb	कुत्ता	kutta	madra	mod-ra	ci	нохой	köpek	ئىت	it	ปลา	plāa 	mbwa	anjing	łééchąąʼí	tlay-chan-ee
cat	Katze	katt	kat	chat	gato	gato	gatto	кошка	kot	γάτα	gáta	macska	kissa	猫	고양이	猫	mèo	猫	maau1	猫	niau1	قط	qitt	बिल्ली	billee	cat	kat	cath	муур	kedi	مۈشۈك	müshük	นก	nók 	paka	kucing	mósí	mo-see
fish	Fisch	fisk	vis	poisson	pez	peixe	pesce	рыба	ryba	ψάρι	psári	hal	kala	鱼	물고기	鱼	cá	鱼	jyu2	鱼	hi5	سمك	samak	मछली	machhalee	iasc	ee-ask	pysgodyn	загас	balık	بېلىق	béliq	วัว	wua 	samaki	ikan	łóóʼ	tloh
bird	Vogel	fågel	vogel	oiseau	pájaro	pássaro	uccello	птица	ptak	πουλί	poulí	madár	lintu	鸟	새	鸟	chim	鸟	niu5	鸟	tsiau2	طائر	ta'ir	पक्षी	pakshee	éan	ay-un	aderyn	шувуу	kuş	قۇش	qush	หมู	mǔu 	ndege	burung	tsídii	tsee-dee
cow	Kuh	ko	koe	vache	vaca	vaca	mucca	корова	krowa	αγελάδα	ageláda	tehén	lehmä	牛	소	牛	bò	牛	ngau4	牛	gu5	بقرة	baqara	गाय	gaay	bó	bo	buwch	үхэр	inek	كالا	kala	หนู	nǔu 	ng'ombe	sapi	béégashii	bay-gah-shee
pig	Schwein	gris	varken	cochon	cerdo	porco	maiale	свинья	świnia	γουρούνι	gouroúni	sertés	sika	猪	돼지	豚	lợn	猪	zyu1	猪	ti1	خنزير	khinzir	सूअर	sooar	muc	mwick	mochyn	гахай	domuz	چوشقا	choshqa	ม้า	máa 	nguruwe	babi	bisóodi	bee-so-dee
mouse	Maus	mus	muis	souris	ratón	rato	topo	мышь	mysz	ποντίκι	pontíki	egér	hiiri	老鼠	쥐	鼠	chuột	老鼠	lou5 syu2	鸟鼠	niau2-tshi2	فأر	fa'r	चूहा	chooha	luch	lukh	llygoden	хулгана	fare	چاشقان	chashqan	ปีก	pìik 	panya	tikus	naʼastsʼǫǫsí	nah-as-tson-see
horse	Pferd	häst	paard	cheval	caballo	cavalo	cavallo	лошадь	koń	άλογο	álogo	ló	hevonen	马	말	马	ngựa	马	maa5	马	be2	حصان	hisan	घोड़ा	ghoda	capall	kapp-ul	ceffyl	морь	at	ئات	at	สัตว์	sàt 	farasi	kuda	łį́į́ʼ	tleen
wing	Flügel	vinge	vleugel	aile	ala	asa	ala	крыло	skrzydło	φτερό	fteró	szárny	siipi	翅膀	날개	翼	cánh	翼	jik6	翼	sit8	جناح	janah	पंख	pankh	sciathán	shkee-hawn	adain	далавч	kanat	قانات	qanat	ครู	khrūu 	bawa	sayap	bitʼaʼ	bee-tah
animal	Tier	djur	dier	animal	animal	animal	animale	животное	zwierzę	ζώο	zóo	állat	eläin	动物	동물	动物	động vật	动物	dung6 mat6	动物	tong7-but8	حيوان	hayawan	जानवर	jaanavar	ainmhí	an-vee	anifail	амьтан	hayvan	ھايۋان	haywan	นักเรียน	nák rīan 	mnyama	hewan	naaldlooshii	nahl-dloo-shee
teacher	Lehrer	lärare	leraar	professeur	profesor	professor	insegnante	учитель	nauczyciel	δάσκαλος	dáskalos	tanár	opettaja	老师	선생님	先生	giáo viên	老师	lou5 si1	老师	lau7-su1	معلم	mu'allim	अध्यापक	adhyaapak	múinteoir	moon-tyo-ir	athro	багш	öğretmen	مۇئەللىم	mu'ellim	ทนายความ	thá-nāai khwāam 	mwalimu	guru	báʼóltaʼí	bah-ol-ta-ee
student	Student	elev / student	leerling	étudiant	estudiante	estudante	studente	студент	student	μαθητής	mathitís	diák	opiskelija	学生	학생	学生	sinh viên	学生	hok6 saang1	学生	hak8-sing1	طالب	talib	छात्र	chhaatr	mac léinn	mack lyayn	myfyriwr	оюутан	öğrenci	ئوقۇغۇچى	oqughuchi	หมอ	mǎaw 	mwanafunzi	siswa	óltaʼí	ol-ta-ee
lawyer	Anwalt	advokat	advocaat	avocat	abogado	advogado	avvocato	юрист	prawnik	δικηγόρος	dikigóros	ügyvéd	asianajaja	律师	변호사	弁护士	luật sư	律师	leot6 si1	律师	lut8-su1	محام	muhamin	वकील	vakeel	dlíodóir	jlee-o-do-ir	cyfreithiwr	хуульч	avukat	ئادۋوكات	adwokat	คนไข้	khōn khâi 	mwanasheria	pengacara	aghaʼdiitʼaahii	ah-gah-dee-tah-hee
doctor	Arzt	läkare	dokter	médecin	médico	médico	medico	врач	lekarz	γιατρός	giatrós	orvos	lääkäri	医生	의사	医者	bác sĩ	医生	ji1 sang1	医生	i1-sing1	طبيب	tabib	डॉक्टर	doctor	dochtúir	dukh-toor	meddyg	эмч	doktor	دوختۇر	doxtur	บริกร	bāw-rí-kāwn 	daktari	dokter	azeeʼíílʼíní	ah-zay-eel-ee-nee
patient	Patient	patient	patiënt	patient	paciente	paciente	paziente	пациент	pacjent	ασθενής	asthenís	beteg	potilas	病人	환자	患者	bệnh nhân	病人	beng6 jan4	病人	penn7-lang5	مريض	marid	मरीज़	mareez	othar	uh-har	claf	өвчтөн	hasta	كېسەل	késel	เลขานุการ	lēe-khǎa-nú-kāan 	mgonjwa	pasien	bąą dah hiniiʼí	bah dah hee-nee-ee
waiter	Kellner	servitör	ober	serveur	camarero	garçom	cameriere	официант	kelner	σερβιτόρος	servitóros	pincér	tarjoilija	服务员	웨이터	ウェイター	bồi bàn	伙计	fo2 gei3	招呼员	tsiau1-hoo1-uan5	نادل	nadil	बैरा	baira	freastalaí	fras-tal-ee	gweinydd	зөөгч	garson	مۇلازىمەتچى	mulazimetchi	นักบวช	nák bùat 	mhudumu	pelayan	waiter	way-ter
secretary	Sekretär	sekreterare	secretaresse	secrétaire	secretario	secretário	segretario	секретарь	sekretarz	γραμματέας	grammatéas	titkár	sihteeri	秘书	비서	秘书	thư ký	秘书	bei3 syu1	秘书	bi7-su1	سكرتير	sikritir	सचिव	sachiv	rúnaí	roon-ee	ysgrifennydd	нарийн бичиг	sekreter	كاتىپ	katip	ตำรวจ	tām-rùat 	katibu	sekretaris	akʼeʼelchíhí	ah-kay-el-chee-hee
priest	Priester	präst	priester	prêtre	sacerdote	padre	prete	священник	ksiądz	ιερέας	ieréas	pap	pappi	牧师/神父	신부/목사	神父	linh mục	神父	san4 fu6	牧师	bok8-su1	كاهن	kahin	पुजारी	pujaaree	sagart	sog-urt	offeiriad	санваартан	rahip	پوپ	pop	กองทัพ	kāung tháp 	kasisi	pendeta	edáʼniih bá hooghan	ay-dah-neeh bah hoo-ghan
police	Polizei	polis	politie	police	policía	polícia	polizia	полиция	policja	αστυνομία	astynomía	rendőrség	poliisi	警察	경찰	警察	cảnh sát	警察	ging2 caat3	警察	king2-tshiat4	شرطة	shurta	पुलिस	police	póilíní	po-leen-ee	heddlu	цагдаа	polis	ساقچى	saqchi	ทหาร	thá-hǎan 	polisi	polisi	siláo	si-lao
army	Armee	armé	leger	armée	ejército	exército	esercito	армия	armia	στρατός	stratós	hadsereg	armeija	军队	군대	军队	quân đội	军队	gwan1 deoi6	军队	kun1-tui7	جيش	jaysh	सेना	sena	arm	ar-um	byddin	арми	ordu	قوشۇن	qoshun	ศิลปิน	sǐn-lá-pīn 	jeshi	tentara	siláołtsooí	si-lao-tsoo-ee
soldier	Soldat	soldat	soldaat	soldat	soldado	soldado	soldato	солдат	żołnierz	στρατιώτης	stratiótis	katona	sotilas	士兵	군인	兵士	binh lính	兵	bing1	兵	ping1	جندي	jundi	सिपाही	sipaahee	saighdiúir	sye-jo-ir	milwr	цэрэг	asker	ئەسكەر	esker	นักเขียน	nák khǐan 	askari	prajurit	siláo	si-lao
artist	Künstler	konstnär	kunstenaar	artiste	artista	artista	artista	художник	artysta	καλλιτέχνης	kallitéchnis	művész	taiteilija	艺术家	예술가	芸术家	nghệ sĩ	艺术家	ngai6 seot6 gaa1	艺术家	ge7-sut8-ka1	فنان	fannan	कलाकार	kalaakaar	ealaíontóir	al-een-to-ir	artist	зураач	sanatçı	سەنئەتكار	sen'etkar	ผู้จัดการ	phûu chàt kāan 	msanii	seniman	artist	ar-tist
writer	Schriftsteller	författare	schrijver	écrivain	escritor	escritor	scrittore	писатель	pisarz	συγγραφέας	syngraféas	író	kirjailija	作者	작가	作家	nhà văn	作者	zok3 ze2	作者	tsok4-tsia2	كاتب	katib	लेखक	lekhak	scríbhneoir	shkree-vno-ir	awdur	зохиолч	yazar	يازغۇچى	yazghuchi	นักข่าว	nák khàao 	mwandishi	penulis	writer	ry-ter
manager	Manager	chef	manager	directeur	gerente	gerente	dirigente	менеджер	menedżer	διευθυντής	diefthyntís	menedzser	johtaja	经理	매니저	经理	quản lý	经理	ging1 lei5	经理	king1-li2	مدير	mudir	प्रबंधक	prabandhak	bainisteoir	bwan-ish-tyo-ir	rheolwr	менежер	müdür	مۇدىر	mudir	นักแสดง	nák sà-dāeng 	meneja	manajer	manager	man-ah-jer
journalist	Journalist	journalist	journalist	journaliste	periodista	jornalista	giornalista	журналист	dziennikarz	δημοσιογράφος	dimosiográfos	újságíró	toimittaja	记者	기자	记者	nhà báo	记者	gei3 ze2	记者	ki7-tsia2	صحفي	sahafi	पत्रकार	patrakaar	iriseoir	ir-ish-o-ir	newyddiadurwr	сэтгүүлч	gazeteci	مۇخبىر	muxbir	ปี	pīi 	mwandishi wa habari	jurnalis	journalist	jur-nal-ist
actor	Schauspieler	skådespelare	acteur	acteur	actor	ator	attore	актёр	aktor	ηθοποιός	ithopoiós	színész	näyttelijä	演员	배우	俳优	diễn viên	演员	jin2 jyun4	演员	ian2-uan5	ممثل	mumaththil	अभिनेता	abhinneta	aisteoir	ash-tyo-ir	actor	жүжигчин	aktör	ئارتىس	artis	เดือน	dūean 	muigizaji	aktor	actor	ak-tor
year	Jahr	år	jaar	an	año	ano	anno	год	rok	έτος	étos	év	vuosi	年	년	年	năm	年	nin4	年	ni5	سنة	sana	साल	saal	bliain	blee-un	blwyddyn	жил	yıl	يىل	yil	สัปดาห์	sàp-dāa 	mwaka	tahun	nááhai	nah-high
month	Monat	månad	maand	mois	mes	mês	mese	месяц	miesiąc	μήνας	mínas	hónap	kuukausi	月	월	月	tháng	月	jyut6	月	gueh8	شهر	shahr	महीना	maheena	mí	mee	mis	сар	ay	ئاي	ay	วัน	wān 	mwezi	bulan	nídizídi	nee-di-zee-dee
week	Woche	vecka	week	semaine	semana	semana	settimana	неделя	tydzień	εβδομάδα	evdomáda	hét	viikko	星期	주	周	tuần	星期	sing1 kei4	礼拜	le2-pai7	أسبوع	usbu'	हफ़्ता	hafta	seachtain	shakht-in	wythnos	долоо хоног	hafta	ھەپتە	hepte	ชั่วโมง	chûa-mōong 	wiki	minggu	damį́įgo	dah-meen-go
day	Tag	dag	dag	jour	día	dia	giorno	день	dzień	ημέρα	iméra	nap	päivä	日/天	일	日	ngày	日	jat6	日	jit8	يوم	yawm	दिन	din	lá	law	dydd	өдөр	gün	كۈن	kün	นาที	nāa-thīi 	siku	hari	jį́	jeen
hour	Stunde	timme	uur	heure	hora	hora	ora	час	godzina	ώρα	óra	óra	tunti	小时	시간	时间	giờ	钟头	zung1 tau4	点钟	tiam2-tsiong1	ساعة	sa'a	घंटा	ghanta	uair	oo-ir	awr	цаг	saat	سائەت	sa'et	วินาที	wí-nāa-thīi 	saa	jam	ahééʼílkid	ah-hay-eel-kid
minute	Minute	minut	minuut	minute	minuto	minuto	minuto	минута	minuta	λεπτό	leptó	perc	minuutti	分钟	분	分	phút	分钟	fan1 zung1	分钟	hun1-tsiong1	دقيقة	daqiqa	मिनट	minat	nóiméad	no-may-ud	munud	минут	dakika	مىنۇت	minut	เช้า	cháo 	dakika	menit	minute	min-it
second	Sekunde	sekund	seconde	seconde	segundo	segundo	secondo	секунда	sekunda	δευτερόλεπτο	defterólepto	másodperc	sekunti	秒	초	秒	giây	秒	miu5	秒	mio2	ثانية	thaniya	सेकंड	sekand	soicind	suk-inj	eiliad	секунд	saniye	سېكۇنت	sékunt	บ่าย	bài 	sekunde	detik	second	sek-und
morning	Morgen	morgon	ochtend	matin	mañana	manhã	mattina	утро	rano	πρωί	proí	reggel	aamu	早上	아침	朝	buổi sáng	朝早	ziu1 zou2	早起	tsau2-khi2	صباح	sabah	सुबह	subah	maidin	maj-in	bore	өглөө	sabah	ئەتىگەن	etigen	เย็น	yen 	asubuhi	pagi	abíní	ah-bee-nee
afternoon	Nachmittag	eftermiddag	middag	après-midi	tarde	tarde	pomeriggio	день	popołudnie	απόγευμα	apógevma	délután	iltapäivä	下午	오후	午后	buổi chiều	下昼	haa6 zau3	下午	e7-poo3	بعد الظهر	ba'da al-dhuhr	दोपहर	dopahar	tráthnóna	traw-no-na	prynhawn	өдөр	öğle	چۈشتىن كېيىن	chüshtin kéiyin	กลางคืน	klāang khūen 	mchana	siang	ałníʼníʼą́ą́	alth-nee-nee-ahn
evening	Abend	kväll	avond	soir	tarde/noche	noite	sera	вечер	wieczór	βράδυ	vrády	este	ilta	晚上 	저녁	晩	buổi tối	晚黑	maan5 haak1	暝时	mi5-si5	مساء	masa'	शाम	shaam	tráthnóna	traw-no-na	noswaith	орой	akşam	كەچقۇرۇن	kechqurun	ยอด	yâwt 	jioni	sore	eʼeʼaah	ay-ay-ah
night	Nacht	natt	nacht	nuit	noche	noite	notte	ночь	noc	νύχτα	nýchta	éjszaka	yö	夜晚	밤	夜	đêm	夜晚	je6 maan5	暝	mi5	ليل	layl	रात	raat	oíche	ee-hyeh	nos	шөнө	gece	كېچە	kéche	ด้านล่าง	dâan lâang 	usiku	malam	tłʼéeʼgo	tlee-go
top	oben	topp	top	haut	arriba	topo	cima	верх	góra	κορυφή	koryfí	teteje	huippu	顶部	꼭대기	顶	trên cùng	顶	ding2	顶面	teng2-bin7	قمة	qimma	ऊपर	oopar	barr	bar	pen / brig	орой	üst	چوققا	choqqa	ด้านข้าง	dâan khâang 	juu	atas	deigo	day-go
bottom	unten	botten	bodem	bas	abajo	fundo	fondo	низ	dół	κάτω μέρος	káto méros	alja	pohja	底部	바닥	底	dưới cùng	底	dai2	跤底	kha1-te2	قاع	qa'	नीचे	neeche	bun	bun	gwaelod	ёроол	alt	ئاستى	asti	ด้านหน้า	dâan nâa 	chini	bawah	yaago	yah-go
side	Seite	sida	kant	côté	lado	lado	lato	сторона	bok	πλευρά	plevrá	oldal	sivu	侧面	옆	横	cạnh	侧边	zak1 bin1	旁边	pong5-pinn1	جانب	janib	बगल	bagal	taobh	tay-uv	ochr	тал	yan	يان	yan	ด้านหลัง	dâan lǎng 	kando	samping	tʼą́ą́h	tahn
front	vorne	framsida	voorkant	devant	frente	frente	fronte	перед	przód	μπροστά	brostá	eleje	etuosa	前面 	앞	前	phía trước	前面	cin4 min6	前面	tsin5-bin7	أمام	amam	सामने	saamne	tosach	tuss-ukh	blaen	урд тал	ön	ئالدى	aldi	ข้างนอก	khâang nâuk 	mbele	depan	tsį́į́h	tseen
back	hinten	baksida	achterkant	derrière	atrás	trás	retro	назад	tył	πίσω	píso	hátulja	takaosa	后面 	뒤	后	phía sau	后面	hau6 min6	后面	au7-bin7	خلف	khalf	पीछे	peechhe	cúl	kool	cefn	ар тал	arka	ئارقا	arqa	ข้างใน	khâang nāi 	nyuma	belakang	tʼą́ą́ʼ	tahn
outside	außen	utanför	buiten	dehors	fuera	fora	fuori	снаружи	zewnątrz	έξω	éxo	kint	ulkopuolella	外面	밖	外	bên ngoài	出面	ceot1 min6	外面	gua7-bin7	خارج	kharij	बाहर	baahar	amuigh	a-mwee	tu allan	гадаа	dışarı	تاشقىرى	tashqiri	ขึ้น	khûen 	nje	luar	tłʼóóʼdi	tloo-dee
inside	innen	innanför	binnen	dedans	dentro	dentro	dentro	внутри	wewnątrz	μέσα	mésa	bent	sisäpuolella	里面	안	中	bên trong	入面	jap6 min6	里面	lai7-bin7	داخل	dakhil	अंदर	andar	istigh	ish-tee	tu mewn	дотор	içeri	ئىچى	ichi	ลง	lōng 	ndani	dalam	yishyíʼdi	yish-yee-dee
up	hoch	upp	omhoog	en haut	arriba	para cima	su	вверх	w górę	πάνω	páno	fel	ylös	向上	위	上	lên	上	soeng6	上	tsiunn7	فوق	fawq	ऊपर	oopar	suas	soo-as	i fyny	дээшээ	yukarı	يۇقىرى	yuqiri	ซ้าย	sáai 	juu	atas	deigo	day-go
down	runter	ner	omlaag	en bas	abajo	para baixo	giù	вниз	w dół	κάτω	káto	le	alas	向下	아래	下	xuống	下	haa6	落	loh8	تحت	taht	नीचे	neeche	síos	shee-uss	i lawr	доошоо	aşağı	تۆۋەن	töwen	ขวา	khwǎa 	chini	bawah	yaago	yah-go
left	links	vänster	links	gauche	izquierda	esquerda	sinistra	лево	lewo	αριστερά	aristerá	bal	vasen	左边	왼쪽	左	trái	左	zo2	左	to2	يسار	yasar	बायाँ	baayaan	clé	klay	chwith	зүүн	sol	سول	sol	ตรง	trōng 	kushoto	kiri	nishtłʼahjí	nish-tlah-jee
right	rechts	höger	rechts	droite	derecha	direita	destra	право	prawo	δεξιά	dexiá	jobb	oikea	右边	오른쪽	右	phải	右	jau6	右	iu7	يمين	yamin	दायाँ	daayaan	deas	jass	de	баруун	sağ	ئوڭ	ong	ตะวันออก	tà-wān òok 	kulia	kanan	nishnáájí	nish-nah-jee
straight	geradeaus	rakt	rechtuit	droit	recto	direto	dritto	прямо	prosto	ίσια	ísia	egyenes	suora	直	똑바로	直线	thẳng	直	zik6	直	tit8	مستقيم	mustaqim	सीधा	seedha	díreach	jee-rukh	syth	шулуун	düz	ئۇدۇل	udul	ใต้	tâi 	moja kwa moja	lurus	tʼáá ákogi	tah ah-ko-gee
east	Osten	öster	oost	est	este	leste	est	восток	wschód	ανατολή	anatolí	kelet	itä	东	동	东	đông	东	dung1	东	tang1	شرق	sharq	पूर्व	poorv	oirthear	ur-har	dwyrain	зүүн	doğu	شەرق	sherq	ตะวันตก	tà-wān tòk 	mashariki	timur	haʼaʼaah	ha-ah-ah
south	Süden	söder	zuid	sud	sur	sul	sud	юг	południe	νότος	nótos	dél	etelä	南	남	南	nam	南	naam4	南	lam5	جنوب	janub	दक्षिण	dakshin	deisceart	jesh-kyurt	de	өмнө	güney	جەنۇب	jenub	เหนือ	nǔea 	kusini	selatan	shádiʼááh	shah-di-ah
west	Westen	väster	west	ouest	oeste	oeste	ovest	запад	zachód	δύση	dýsi	nyugat	länsi	西	서	西	tây	西	sai1	西	se1	غرب	gharb	पश्चिम	pashchim	iarthar	eer-har	gorllewin	баруун	batı	غەرب	gherb	ตะวันตก	tawan tok	magharibi	barat	eʼeʼaah	ay-ay-ah
north	Norden	norr	noord	nord	norte	norte	nord	север	północ	βορράς	vorrás	észak	pohjoinen	北	북	北	bắc	北	bak1	北	pak4	شمال	shamal	उत्तर	uttar	tuaisceart	too-ish-kyurt	gogledd	хойд	kuzey	شىمال	shimal	เหนือ	nuea	kaskazini	utara	náhookǫs	nah-hoo-kos
language	Sprache	språk	taal	langue	idioma	língua	lingua	язык	język	γλώσσα	glóssa	nyelv	kieli	语言	언어	言語	ngôn ngữ	语言	jyu5 jin1	语言	gi2-gian5	لغة	lugha	भाषा	bhasha	teanga	tyang-ga	iaith	хэл	dil	تىل	til	ภาษา	phā-sǎ	mimi	bahasa	saad	saad
word	Wort	ord	woord	mot	palabra	palavra	parola	слово	słowo	λέξη	léxi	szó	sana	词	단어	単語	từ	词	ci4	词	su5	كلمة	kalima	शब्द	shabd	focal	fuk-al	gair	үг	kelime	سۆز	söz	คำ	khām	neno	kata	saad	saad
America	Amerika	Amerika	Amerika	Amérique	América	América	America	Америка	Ameryka	Αμερική	Amerikí	Amerika	Amerikka	美国	미국	アメリカ	Mỹ	美国	mei5 gwok3	美国	bi2-kok4	أمريكا	amrika	अमेरिका	amerika	Meiriceá	mer-ik-yaw	America	Америк	Amerika	ئامېرىكا	amérika	อเมริกา	à-mē-rí-kā	Marekani	Amerika	Wááshindoon	waash-in-doon
China	China	Kina	China	Chine	China	China	Cina	Китай	Chiny	Κίνα	Kína	Kína	Kiina	中国	중국	中国	Trung Quốc	中国	zung1 gwok3	中国	tiong1-kok4	الصين	al-sin	चीन	cheen	An tSín	un teen	Tsieina	Хятад	Çin	جۇڭگو	junggo	จีน	chīn	China	Tiongkok	Tséghádi'ńdíníí Bikéyah	tse-gha-din-ee
English	Englisch	engelska	Engels	anglais	inglés	inglês	inglese	английский	angielski	αγγλικά	angliká	angol	englanti	英语	영어	英語	tiếng Anh	英语	jing1 jyu5	英语	ing1-gi2	الإنجليزية	al-ingliziya	अंग्रेज़ी	angrezi	Béarla	bayr-la	Saesneg	англи	İngilizce	ئینگلىزچە	inglizche	อังกฤษ	āng-krìt	Kiingereza	Inggris	Bilagáana bizaad	bi-la-gaa-na bi-zaad
Chinese	Chinesisch	kinesiska	Chinees	chinois	chino	chinês	cinese	китайский	chiński	κινέζικα	kinézika	kínai	kiina	中文	중국어	中国語	tiếng Trung	中文	zung1 man4	中文	tiong1-bun5	الصينية	al-siniya	चीनी	cheeni	Sínis	sheen-ish	Tsieineeg	хятад хэл	Çince	خەنزۇچە	xanzuche	ภาษาจีน	phā-sǎ chīn	Kichina	Mandarin	Tséghádi'ńdíníí bizaad	tse-gha-din-ee bi-zaad
Russia	Russland	Ryssland	Rusland	Russie	Rusia	Rússia	Russia	Россия	Rosja	Ρωσία	Rosía	Oroszország	Venäjä	俄罗斯	러시아	ロシア	Nga	俄罗斯	ngo4 lo4 si1	俄罗斯	lo5-su1-ia3	روسيا	rusiya	रूस	roos	An Rúis	un roosh	Rwsia	Орос	Rusya	روسىيە	rusiye	รัสเซีย	rát-siā	Urusi	Rusia	Biish Bikéyah	biish bi-kay-yah
Japan	Japan	Japan	Japan	Japon	Japón	Japão	Giappone	Япония	Japonia	Ιαπωνία	Iaponía	Japán	Japani	日本	일본	日本	Nhật Bản	日本	jat6 bun2	日本	jit8-pun2	اليابان	al-yaban	जापान	japan	An tSeapáin	un tyap-awn	Japan	Япон	Japonya	ياپونىيە	yaponiye	ญี่ปุ่น	yî-pùn	Japani	Jepang	Binááʼádaałtsʼózí Bikéyah	bi-naa-a-daal-tso-zi
Korea	Korea	Korea	Korea	Corée	Corea	Coreia	Corea	Корея	Korea	Κορέα	Koréa	Korea	Korea	韩国	한국	韓国	Hàn Quốc	韩国	hon4 gwok3	韩国	han5-kok4	كوريا	kuriya	कोरिया	koriya	An Chóiré	un kho-ra	Corea	Солонгос	Kore	كورىيە	koriye	เกาหลี	kāo-lǐ	Korea	Korea	Binááʼádaałtsʼózí bizaad	bi-naa-a-daal-tso-zi
Germany	Deutschland	Tyskland	Duitsland	Allemagne	Alemania	Alemanha	Germania	Германия	Niemcy	Γερμανία	Germanía	Németország	Saksa	德国	독일	ドイツ	Đức	德国	dak1 gwok3	德国	tek4-kok4	ألمانيا	almania	जर्मनी	jarmani	An Ghearmáin	un yar-mawn	Yr Almaen	Герман	Almanya	گېرمانىيە	gérmaniye	เยอรมนี	yē-rá-má-nī	Ujerumani	Jerman	Béésh Bichʼahii Bikéyah	beesh bi-chah-ee
France	Frankreich	Frankrike	Frankrijk	France	Francia	França	Francia	Франция	Francja	Γαλλία	Gallía	Franciaország	Ranska	法国	프랑스	フランス	Pháp	法国	faat3 gwok3	法国	huat4-kok4	فرنسا	faransa	फ्रांस	frans	An Fhrainc	un ronk	Ffrainc	Франц	Fransa	فرانسىيە	fransiye	ฝรั่งเศส	fà-ràng-sèt	Ufaransa	Prancis	Dáághahii Bikéyah	daa-gha-hee
England	England	England	Engeland	Angleterre	Inglaterra	Inglaterra	Inghilterra	Англия	Anglia	Αγγλία	Anglía	Anglia	Englanti	英格兰	잉글랜드	イングランド	Anh	英格兰	jing1 gaak3 laan4	英格兰	ing1-ke1-lan5	إنجلترا	injiltara	इंग्लैंड	ingland	Sasana	sas-un-na	Lloegr	Англи	İngiltere	ئەنگلىيە	engliye	อังกฤษ	āng-krìt	Uingereza	Inggris	Tótaʼ	to-ta
India	Indien	Indien	India	Inde	India	Índia	India	Индия	Indie	Ινδία	Indía	India	Intia	印度	인도	インド	Ấn Độ	印度	jan3 dou6	印度	in3-too7	الهند	al-hind	भारत	bharat	An India	un in-dee-a	Yr India	Энэтхэг	Hindistan	ھىندىستان	hindistan	อินเดีย	īn-dīa	Uhindi	India	Tó Wónaanídi Kéyah	to wo-naan-ee-di
Arab	Arabisch	arabiska	Arabisch	arabe	árabe	árabe	arabo	арабский	arabski	αραβικά	araviká	arab	arabia	阿拉伯	아랍	アラブ	Ả Rập	阿拉伯	aa3 laai1 baak3	阿拉伯	a1-la1-pik1	العرب	al-arab	अरब	arab	Arabach	ara-bokh	Arabaidd	Араб	Arap	ئەرەب	ereb	อาหรับ	ā-ràp	Mwarabu	Arab	Béésh Bichʼahii	beesh bi-chah-ee